timestamp,machine_id,temperature,vibration,humidity,pressure,energy_consumption,machine_status,anomaly_flag,predicted_remaining_life,failure_type,downtime_risk,maintenance_required
2025-01-28 22:01:00,12,70.52,57.21,41.55,3.2,2.55,2,0,422,Overheating,0.0,1
2025-01-18 19:09:00,27,70.47,30.81,56.76,1.16,2.74,2,0,153,Electrical Fault,0.0,1
2025-02-11 16:36:00,15,77.4,67.63,56.04,3.97,2.83,2,0,76,Vibration Issue,0.0,1
2025-02-25 11:10:00,4,78.15,41.9,49.71,4.36,2.38,1,0,275,Normal,0.0,0
2025-03-05 20:21:00,23,61.11,33.66,73.22,3.32,3.17,2,0,15,Electrical Fault,0.0,1
2025-01-10 12:48:00,11,84.28,50.42,67.52,1.5,4.3,1,0,301,Normal,0.0,0
2025-01-10 10:44:00,19,75.76,89.91,40.06,3.57,2.45,1,1,1,Normal,1.0,1
2025-02-13 04:34:00,9,94.46,40.79,34.33,4.23,4.75,1,1,14,Normal,1.0,1
2025-01-22 00:30:00,44,73.84,59.67,78.6,4.79,4.9,1,0,294,Normal,0.0,0
2025-02-23 23:13:00,26,62.29,60.06,72.66,4.37,2.86,1,0,345,Normal,0.0,0
2025-01-21 18:13:00,48,85.09,49.93,42.57,1.36,3.48,1,0,58,Normal,0.0,0
2025-02-08 22:45:00,49,76.02,28.94,62.21,4.53,3.86,2,0,116,Overheating,0.0,1
2025-03-06 08:23:00,25,62.27,54.75,60.36,1.86,1.62,1,0,19,Normal,0.0,1
2025-03-01 06:38:00,20,73.06,89.69,32.17,1.37,4.79,0,1,15,Normal,1.0,1
2025-03-02 18:54:00,45,70.84,54.19,78.33,2.77,2.14,1,0,129,Normal,0.0,0
2025-02-27 15:55:00,33,69.42,31.94,31.26,1.97,3.14,1,0,398,Normal,0.0,0
2025-02-28 14:27:00,16,74.46,52.85,78.22,1.02,3.51,1,0,48,Normal,0.0,0
2025-03-01 02:51:00,18,63.47,51.89,70.07,2.14,1.52,1,0,30,Normal,0.0,0
2025-01-07 09:41:00,49,77.69,54.65,78.99,1.76,0.72,2,0,327,Pressure Drop,0.0,1
2025-02-01 08:01:00,29,73.02,41.11,38.64,4.93,2.06,1,0,19,Normal,0.0,1
2025-01-27 05:19:00,4,77.04,87.55,59.66,4.52,1.03,0,1,43,Normal,1.0,1
2025-02-12 02:29:00,15,76.0,39.22,50.76,2.4,4.47,1,0,267,Normal,0.0,0
2025-01-09 15:11:00,7,98.39,44.84,70.12,2.94,4.6,0,1,24,Normal,1.0,1
2025-02-12 23:12:00,10,76.7,56.91,39.33,4.01,0.89,1,0,196,Normal,0.0,0
2025-02-07 23:44:00,39,73.25,37.02,65.1,2.98,1.35,2,0,137,Overheating,0.0,1
2025-02-11 17:11:00,28,98.33,44.29,67.34,3.76,3.14,1,1,38,Normal,1.0,1
2025-02-05 22:11:00,17,95.15,10.45,46.82,4.02,3.25,1,1,11,Normal,1.0,1
2025-01-02 21:33:00,37,65.2,50.67,44.46,2.4,4.07,1,0,175,Normal,0.0,0
2025-02-21 12:02:00,14,86.64,63.11,55.5,3.09,2.37,0,0,458,Normal,0.0,0
2025-02-10 13:06:00,25,88.67,53.04,65.24,3.23,3.98,2,0,256,Normal,0.0,1
2025-01-09 19:54:00,1,90.61,65.26,70.65,3.91,1.18,2,1,20,Electrical Fault,1.0,1
2025-01-12 01:33:00,35,72.08,46.0,69.18,2.35,2.83,1,0,351,Normal,0.0,0
2025-01-01 19:31:00,24,90.51,55.91,74.63,1.14,2.72,2,1,40,Vibration Issue,1.0,1
2025-01-28 06:20:00,42,94.39,43.24,44.85,4.35,1.35,1,1,13,Normal,1.0,1
2025-02-26 09:45:00,3,58.94,47.5,62.8,3.37,3.02,1,0,40,Normal,0.0,0
2025-01-13 02:04:00,40,63.48,11.7,57.82,2.44,2.0,1,0,340,Normal,0.0,0
2025-01-30 00:46:00,23,60.19,41.46,56.95,1.07,4.31,1,0,235,Normal,0.0,0
2025-01-27 07:51:00,42,95.6,65.62,58.95,3.3,2.87,1,1,34,Normal,1.0,1
2025-01-23 02:07:00,23,69.96,33.41,62.11,3.09,1.24,1,0,318,Normal,0.0,0
2025-02-01 22:58:00,33,73.98,52.13,67.72,3.03,1.35,1,0,173,Normal,0.0,0
2025-01-16 11:25:00,32,101.32,42.19,77.27,2.54,4.96,0,1,31,Normal,1.0,1
2025-02-26 02:28:00,14,73.5,42.51,72.18,4.9,3.04,1,0,355,Normal,0.0,0
2025-01-05 02:25:00,38,92.9,41.25,49.16,4.8,4.48,1,1,32,Normal,1.0,1
2025-02-15 13:57:00,39,79.18,49.54,63.52,4.1,2.05,1,0,491,Normal,0.0,0
2025-01-26 19:44:00,45,83.13,66.26,72.12,4.13,3.42,1,0,251,Normal,0.0,0
2025-02-20 05:31:00,20,63.76,70.35,35.0,3.16,4.98,0,0,45,Normal,0.0,0
2025-01-28 12:28:00,35,81.51,62.48,30.84,1.7,4.28,1,0,466,Normal,0.0,0
2025-02-01 16:32:00,10,76.0,39.03,49.01,4.47,2.84,1,0,64,Normal,0.0,0
2025-03-04 19:09:00,24,83.41,44.66,50.07,4.93,2.96,1,0,422,Normal,0.0,0
2025-01-01 07:45:00,12,82.03,53.19,30.0,2.6,0.81,1,0,19,Normal,0.0,1
2025-02-21 03:21:00,8,64.17,60.98,64.85,2.94,0.84,1,0,395,Normal,0.0,0
2025-02-25 08:57:00,43,71.38,49.97,79.08,2.37,3.4,2,0,223,Electrical Fault,0.0,1
2025-03-11 02:09:00,24,73.36,30.51,52.5,4.28,3.66,1,0,126,Normal,0.0,0
2025-01-09 10:16:00,46,83.96,58.41,62.85,3.08,2.31,1,0,466,Normal,0.0,0
2025-01-06 06:39:00,21,61.28,56.0,63.78,2.4,1.77,1,0,36,Normal,0.0,0
2025-02-08 01:50:00,28,67.26,36.42,32.77,3.35,3.6,1,0,97,Normal,0.0,0
2025-01-01 09:40:00,48,84.39,27.31,33.82,4.28,4.71,1,0,490,Normal,0.0,0
2025-03-06 06:47:00,36,91.9,36.96,65.22,3.98,5.0,2,1,31,Pressure Drop,1.0,1
2025-02-04 18:11:00,9,88.39,49.74,67.19,2.56,1.45,1,0,164,Normal,0.0,0
2025-01-01 15:45:00,26,67.71,62.09,70.28,2.48,1.07,2,0,170,Normal,0.0,1
2025-03-03 07:00:00,27,75.34,47.79,62.28,1.81,0.91,1,0,498,Normal,0.0,0
2025-01-01 18:37:00,18,72.39,55.68,64.43,4.73,1.43,1,0,149,Normal,0.0,0
2025-01-24 11:35:00,15,90.73,28.85,32.27,4.68,3.61,1,1,8,Normal,1.0,1
2025-02-04 00:30:00,26,67.91,63.26,44.93,4.84,2.65,2,0,457,Vibration Issue,0.0,1
2025-01-05 13:34:00,49,71.85,89.06,54.79,1.71,3.87,1,1,13,Normal,1.0,1
2025-01-18 22:27:00,22,82.77,37.53,55.96,1.67,4.65,2,0,107,Pressure Drop,0.0,1
2025-01-08 00:05:00,46,66.98,54.72,76.97,4.08,4.33,2,0,167,Overheating,0.0,1
2025-02-14 16:48:00,21,103.99,64.22,68.81,1.4,2.32,0,1,3,Normal,1.0,1
2025-01-16 23:46:00,2,85.37,42.38,75.55,3.17,0.65,1,0,269,Normal,0.0,0
2025-01-27 23:39:00,44,87.62,47.72,40.3,4.25,1.25,2,0,295,Vibration Issue,0.0,1
2025-01-12 01:48:00,43,68.44,40.05,45.86,2.98,0.91,1,0,393,Normal,0.0,0
2025-01-10 02:10:00,26,74.07,44.31,69.46,2.44,3.51,1,0,411,Normal,0.0,0
2025-02-25 13:48:00,7,73.44,68.49,34.92,2.8,2.5,1,0,435,Normal,0.0,0
2025-03-08 06:46:00,39,84.55,34.38,41.08,3.62,2.36,1,0,380,Normal,0.0,0
2025-01-19 06:17:00,10,71.83,47.1,75.71,2.02,3.94,1,0,426,Normal,0.0,0
2025-02-12 21:50:00,46,92.71,38.83,47.02,2.04,2.58,2,1,32,Normal,1.0,1
2025-03-08 07:40:00,18,78.38,44.5,78.2,2.9,0.75,1,0,334,Normal,0.0,0
2025-02-11 10:42:00,34,69.23,58.8,44.05,1.34,2.23,1,0,348,Normal,0.0,0
2025-02-05 02:34:00,8,77.48,70.75,72.65,4.93,1.6,1,0,426,Normal,0.0,0
2025-02-10 06:25:00,50,71.36,58.73,32.36,4.88,4.35,1,0,484,Normal,0.0,0
2025-02-08 19:18:00,23,75.07,53.73,72.66,1.38,4.11,1,0,51,Normal,0.0,0
2025-02-16 13:03:00,34,90.27,57.58,37.19,2.67,3.92,1,1,15,Normal,1.0,1
2025-01-18 19:16:00,50,57.0,29.18,57.43,4.79,3.26,1,0,46,Normal,0.0,0
2025-01-25 10:06:00,18,52.02,25.79,45.33,3.51,1.28,1,0,451,Normal,0.0,0
2025-02-19 01:24:00,35,65.96,46.47,60.89,1.87,0.78,0,0,197,Normal,0.0,0
2025-02-01 07:08:00,15,93.09,40.96,50.6,4.61,3.99,1,1,24,Normal,1.0,1
2025-01-14 13:08:00,50,89.98,41.28,62.36,2.25,3.35,1,0,249,Normal,0.0,0
2025-01-03 06:34:00,3,65.58,80.98,35.48,1.64,1.01,1,1,23,Normal,1.0,1
2025-02-08 21:54:00,26,91.92,51.25,46.06,4.58,4.36,1,1,5,Normal,1.0,1
2025-01-10 10:48:00,17,82.02,67.67,66.26,2.51,3.19,2,0,59,Vibration Issue,0.0,1
2025-02-01 22:02:00,45,66.82,49.05,51.94,1.27,3.64,1,0,270,Normal,0.0,0
2025-02-15 09:53:00,8,76.23,24.83,53.64,4.06,4.18,2,0,494,Vibration Issue,0.0,1
2025-02-01 09:14:00,9,83.81,61.28,75.65,2.59,2.98,1,0,245,Normal,0.0,0
2025-01-10 00:42:00,38,69.11,48.4,75.01,3.52,3.86,0,0,125,Normal,0.0,0
2025-02-27 21:52:00,22,73.36,49.28,78.47,1.15,1.34,1,0,132,Normal,0.0,0
2025-02-20 18:32:00,9,91.62,56.62,44.29,2.97,1.26,1,1,5,Normal,1.0,1
2025-01-12 14:09:00,26,73.5,17.67,42.08,4.52,1.73,2,0,84,Pressure Drop,0.0,1
2025-01-31 22:04:00,41,96.49,63.15,59.58,2.02,2.35,0,1,10,Normal,1.0,1
2025-01-02 01:50:00,7,68.92,32.16,76.66,4.23,0.99,1,0,31,Normal,0.0,0
2025-01-09 02:05:00,33,87.66,47.31,35.87,4.65,4.29,2,0,449,Vibration Issue,0.0,1
2025-02-10 10:07:00,46,77.5,59.96,72.77,2.32,1.94,1,0,406,Normal,0.0,0
2025-03-04 15:45:00,32,60.93,47.61,79.76,1.2,1.69,2,0,170,Vibration Issue,0.0,1
2025-02-09 06:28:00,8,90.91,36.96,50.52,2.45,4.46,2,1,48,Pressure Drop,1.0,1
2025-01-08 01:06:00,8,79.94,48.33,70.47,1.35,2.71,2,0,327,Overheating,0.0,1
2025-01-15 05:05:00,39,70.73,42.35,66.6,3.82,2.52,2,0,375,Normal,0.0,1
2025-01-07 18:35:00,10,62.27,44.99,47.37,2.36,0.8,1,0,271,Normal,0.0,0
2025-01-23 06:39:00,2,76.54,34.25,71.9,3.37,1.47,0,0,87,Normal,0.0,0
2025-03-02 18:18:00,50,94.98,53.24,53.41,3.78,0.75,1,1,10,Normal,1.0,1
2025-02-28 00:42:00,37,55.99,31.53,75.33,2.89,1.48,2,0,373,Vibration Issue,0.0,1
2025-01-12 01:10:00,15,68.91,63.2,37.3,4.92,2.64,1,0,253,Normal,0.0,0
2025-03-03 21:24:00,19,71.24,59.19,66.85,2.91,3.06,1,0,11,Normal,0.0,1
2025-02-07 11:52:00,38,70.57,43.4,45.13,2.05,0.75,2,0,158,Electrical Fault,0.0,1
2025-02-17 13:19:00,27,65.93,51.12,38.74,2.35,2.98,1,0,16,Normal,0.0,1
2025-01-29 20:16:00,37,62.22,43.27,33.81,1.47,4.39,1,0,460,Normal,0.0,0
2025-01-22 23:44:00,29,75.97,33.04,71.1,3.36,1.68,1,0,251,Normal,0.0,0
2025-02-14 14:33:00,25,79.9,57.17,45.05,2.33,4.83,1,0,496,Normal,0.0,0
2025-02-04 21:31:00,39,72.77,88.73,73.93,3.6,3.13,1,1,49,Normal,1.0,1
2025-02-22 13:53:00,3,71.04,47.15,59.27,2.21,1.63,1,0,69,Normal,0.0,0
2025-03-11 08:09:00,24,58.4,42.83,54.92,4.2,3.16,1,0,185,Normal,0.0,0
2025-01-27 06:26:00,22,77.49,71.06,76.29,2.71,1.62,1,0,168,Normal,0.0,0
2025-02-09 01:55:00,13,87.57,38.93,31.03,4.84,1.25,2,0,290,Vibration Issue,0.0,1
2025-01-27 16:11:00,25,83.4,57.66,40.78,3.31,1.83,1,0,235,Normal,0.0,0
2025-01-15 08:53:00,8,68.57,36.26,67.46,4.86,1.0,1,0,222,Normal,0.0,0
2025-02-16 17:03:00,5,100.11,53.34,49.83,2.4,3.27,1,1,30,Normal,1.0,1
2025-01-28 13:27:00,19,77.59,38.02,36.5,3.52,4.59,2,0,273,Pressure Drop,0.0,1
2025-01-06 16:06:00,30,82.48,48.38,60.41,2.88,3.91,2,0,276,Pressure Drop,0.0,1
2025-02-20 04:02:00,20,73.21,63.86,50.97,3.18,3.46,2,0,87,Pressure Drop,0.0,1
2025-02-08 19:08:00,30,88.59,73.55,62.85,1.4,0.84,1,0,272,Normal,0.0,0
2025-02-27 19:28:00,21,90.96,70.59,67.04,2.21,3.58,1,1,3,Normal,1.0,1
2025-01-10 02:55:00,24,82.91,48.55,69.46,2.99,3.71,1,0,266,Normal,0.0,0
2025-02-25 03:02:00,37,80.85,57.79,40.66,1.7,0.88,1,0,444,Normal,0.0,0
2025-02-23 16:07:00,27,73.63,83.39,34.5,4.75,3.66,1,1,28,Normal,1.0,1
2025-03-09 11:26:00,25,101.95,47.5,30.26,3.92,0.86,1,1,25,Normal,1.0,1
2025-01-07 11:34:00,50,87.61,36.19,73.53,1.79,2.26,1,0,49,Normal,0.0,0
2025-01-31 16:18:00,18,79.33,46.82,55.11,1.81,4.09,2,0,327,Overheating,0.0,1
2025-01-17 15:52:00,36,73.89,45.96,44.86,2.6,2.21,2,0,173,Pressure Drop,0.0,1
2025-01-13 13:41:00,39,73.15,38.34,40.59,3.24,4.55,2,0,380,Electrical Fault,0.0,1
2025-01-25 00:51:00,31,87.49,58.85,30.62,2.31,4.5,2,0,275,Pressure Drop,0.0,1
2025-01-09 09:15:00,41,80.47,52.07,46.94,3.86,2.13,2,0,131,Electrical Fault,0.0,1
2025-01-01 17:35:00,36,60.67,48.36,53.61,2.18,1.93,0,0,237,Normal,0.0,0
2025-02-23 13:15:00,42,80.98,49.75,60.69,4.81,2.31,1,0,152,Normal,0.0,0
2025-01-11 04:00:00,12,86.0,57.58,44.37,3.1,1.28,1,0,100,Normal,0.0,0
2025-01-08 02:13:00,39,93.2,26.3,49.31,2.55,4.21,2,1,37,Overheating,1.0,1
2025-02-07 10:23:00,35,78.08,69.16,36.66,1.34,4.87,1,0,149,Normal,0.0,0
2025-03-04 03:15:00,18,68.8,29.41,45.26,4.99,2.45,1,0,126,Normal,0.0,0
2025-02-26 13:16:00,28,55.4,93.12,39.14,3.32,2.99,1,1,49,Normal,1.0,1
2025-02-28 02:34:00,11,64.72,38.09,36.42,1.26,1.94,1,0,46,Normal,0.0,0
2025-02-19 07:41:00,30,93.85,39.27,37.09,4.54,4.41,1,1,10,Normal,1.0,1
2025-02-06 10:38:00,12,78.84,75.62,46.32,3.07,1.21,2,0,268,Vibration Issue,0.0,1
2025-01-06 01:21:00,17,71.45,56.86,68.73,4.15,2.74,1,0,133,Normal,0.0,0
2025-01-22 16:44:00,17,94.63,48.29,30.69,4.17,4.84,1,1,4,Normal,1.0,1
2025-03-05 16:38:00,43,64.89,36.39,62.12,2.42,2.41,1,0,443,Normal,0.0,0
2025-01-05 23:53:00,32,86.81,43.27,36.12,3.57,2.96,1,0,160,Normal,0.0,0
2025-02-04 20:00:00,30,90.88,45.15,52.49,2.71,1.58,2,1,39,Overheating,1.0,1
2025-01-14 10:50:00,38,63.76,72.62,67.13,2.87,0.69,1,0,273,Normal,0.0,0
2025-01-20 02:40:00,44,70.76,50.87,37.44,2.48,3.75,2,0,327,Normal,0.0,1
2025-02-20 14:51:00,17,88.85,81.88,63.15,4.03,0.73,1,1,27,Normal,1.0,1
2025-01-17 04:27:00,21,77.02,54.17,42.35,1.34,3.94,1,0,178,Normal,0.0,0
2025-02-27 12:33:00,41,90.89,75.58,37.64,3.69,4.46,1,1,9,Normal,1.0,1
2025-01-20 19:04:00,24,72.25,51.63,47.41,3.31,3.94,0,0,193,Normal,0.0,0
2025-03-10 23:44:00,10,80.78,53.81,74.53,4.38,1.49,1,0,270,Normal,0.0,0
2025-01-28 19:15:00,45,93.41,62.67,52.3,3.56,1.9,1,1,24,Normal,1.0,1
2025-01-19 11:27:00,32,76.02,28.74,70.43,2.63,1.28,1,0,343,Normal,0.0,0
2025-01-16 22:25:00,46,68.4,62.29,47.77,2.85,2.03,1,0,264,Normal,0.0,0
2025-02-25 21:59:00,36,83.91,71.45,70.2,2.21,3.53,1,0,144,Normal,0.0,0
2025-01-05 18:27:00,25,92.6,71.63,36.55,3.62,4.34,1,1,21,Normal,1.0,1
2025-02-20 13:59:00,47,76.33,41.46,72.16,2.93,3.96,1,0,174,Normal,0.0,0
2025-02-12 12:28:00,2,93.2,50.49,35.51,1.96,0.67,1,1,15,Normal,1.0,1
2025-01-21 11:51:00,18,66.96,67.77,40.96,1.07,3.15,1,0,168,Normal,0.0,0
2025-01-15 18:59:00,34,81.69,39.15,59.57,3.8,4.03,1,0,213,Normal,0.0,0
2025-01-31 11:11:00,27,66.92,44.51,52.33,4.26,4.1,1,0,51,Normal,0.0,0
2025-03-06 09:45:00,23,85.25,23.9,56.7,3.01,1.02,2,0,235,Vibration Issue,0.0,1
2025-02-23 00:19:00,20,82.51,47.99,53.34,4.73,0.63,2,0,147,Overheating,0.0,1
2025-03-03 04:21:00,4,77.65,31.76,59.11,4.29,4.54,1,0,217,Normal,0.0,0
2025-02-22 05:45:00,23,71.62,57.61,73.8,4.91,3.48,1,0,201,Normal,0.0,0
2025-02-03 14:36:00,36,67.96,83.74,78.63,3.93,4.48,1,1,43,Normal,1.0,1
2025-01-25 21:21:00,48,46.19,36.6,47.7,3.98,1.91,1,0,233,Normal,0.0,0
2025-02-15 21:06:00,22,95.7,37.28,39.94,1.87,3.79,1,1,16,Normal,1.0,1
2025-03-11 09:19:00,30,75.03,49.14,65.94,3.08,3.34,1,0,349,Normal,0.0,0
2025-01-14 13:25:00,30,62.26,53.34,59.85,4.6,3.89,2,0,463,Electrical Fault,0.0,1
2025-03-09 09:09:00,22,64.0,43.79,41.82,1.37,2.38,1,0,305,Normal,0.0,0
2025-01-01 22:32:00,24,62.96,51.08,32.69,4.53,1.4,2,0,216,Normal,0.0,1
2025-01-06 14:50:00,1,57.09,44.78,33.38,1.89,4.9,1,0,86,Normal,0.0,0
2025-03-05 13:47:00,23,84.68,55.2,65.57,1.07,2.85,2,0,75,Normal,0.0,1
2025-01-21 02:05:00,19,81.11,35.57,34.73,4.36,2.15,2,0,306,Vibration Issue,0.0,1
2025-02-25 02:10:00,29,91.42,39.5,79.81,3.22,1.78,1,1,46,Normal,1.0,1
2025-02-08 00:39:00,40,52.93,26.56,73.74,1.13,3.75,0,0,357,Normal,0.0,0
2025-01-27 16:25:00,25,77.77,30.32,68.29,3.56,1.06,2,0,125,Vibration Issue,0.0,1
2025-02-14 03:24:00,27,61.06,44.86,44.52,1.07,0.76,2,0,231,Pressure Drop,0.0,1
2025-01-26 10:50:00,5,72.03,27.26,74.36,2.65,1.32,1,0,214,Normal,0.0,0
2025-02-22 18:49:00,14,69.07,45.16,77.55,3.36,2.85,0,0,19,Normal,0.0,1
2025-03-01 22:08:00,45,76.52,53.99,42.06,4.86,3.28,2,0,238,Pressure Drop,0.0,1
2025-02-04 01:31:00,46,65.0,72.71,63.73,1.05,2.0,0,0,128,Normal,0.0,0
2025-01-30 00:58:00,50,74.8,45.97,44.37,4.78,3.44,1,0,58,Normal,0.0,0
2025-03-02 09:07:00,9,64.78,33.0,34.65,3.27,3.88,2,0,276,Pressure Drop,0.0,1
2025-01-26 16:47:00,6,85.87,29.02,63.01,3.72,3.17,1,0,18,Normal,0.0,1
2025-02-21 15:28:00,37,62.55,60.84,36.58,2.26,1.3,2,0,39,Overheating,0.0,1
2025-02-16 04:40:00,42,82.88,65.86,30.53,3.95,2.86,2,0,164,Vibration Issue,0.0,1
2025-03-06 02:00:00,34,83.44,82.49,75.65,1.47,3.26,1,1,33,Normal,1.0,1
2025-02-05 09:06:00,29,69.92,38.19,38.99,2.05,2.78,2,0,135,Vibration Issue,0.0,1
2025-02-10 10:49:00,44,86.19,61.4,73.38,3.56,0.8,2,0,444,Pressure Drop,0.0,1
2025-01-20 18:21:00,33,91.74,71.54,51.64,4.17,4.63,0,1,27,Normal,1.0,1
2025-02-10 03:05:00,23,62.28,76.43,54.81,4.08,2.93,1,0,10,Normal,0.0,1
2025-01-09 18:32:00,50,89.33,48.13,70.05,2.8,3.94,1,0,302,Normal,0.0,0
2025-03-01 08:15:00,21,75.73,51.29,66.94,2.42,1.25,2,0,156,Vibration Issue,0.0,1
2025-02-05 18:20:00,16,82.59,53.28,44.94,3.4,2.74,1,0,165,Normal,0.0,0
2025-01-03 21:35:00,22,83.61,56.79,48.67,4.49,1.36,1,0,397,Normal,0.0,0
2025-02-27 08:10:00,21,72.17,41.7,61.58,4.3,2.82,1,0,273,Normal,0.0,0
2025-01-27 19:10:00,1,61.52,91.48,36.57,3.29,1.48,1,1,27,Normal,1.0,1
2025-02-17 18:20:00,5,73.17,87.27,52.88,2.06,2.34,2,1,36,Pressure Drop,1.0,1
2025-01-15 04:04:00,49,74.09,57.61,61.1,4.17,3.04,1,0,345,Normal,0.0,0
2025-01-23 19:38:00,38,54.48,67.74,30.36,1.66,2.31,1,0,81,Normal,0.0,0
2025-02-21 23:55:00,15,59.08,82.74,31.52,3.4,1.39,1,1,31,Normal,1.0,1
2025-02-13 19:55:00,38,61.5,86.58,62.01,3.36,4.35,1,1,42,Normal,1.0,1
2025-01-04 12:06:00,29,71.0,59.28,77.81,4.86,2.34,1,0,356,Normal,0.0,0
2025-02-04 04:32:00,39,70.42,55.58,63.45,3.29,2.6,2,0,85,Vibration Issue,0.0,1
2025-02-22 23:58:00,39,66.11,29.9,69.9,3.38,0.77,2,0,75,Normal,0.0,1
2025-02-07 03:13:00,44,49.44,41.02,34.85,3.42,1.48,1,0,153,Normal,0.0,0
2025-03-02 08:36:00,8,74.12,51.13,30.73,2.74,1.51,1,0,336,Normal,0.0,0
2025-01-10 16:14:00,25,93.13,46.84,67.43,3.07,3.96,1,1,18,Normal,1.0,1
2025-02-02 08:11:00,16,86.68,45.89,47.02,4.98,1.1,2,0,343,Vibration Issue,0.0,1
2025-02-18 07:18:00,16,69.62,53.61,50.7,2.75,1.14,1,0,189,Normal,0.0,0
2025-02-12 20:55:00,42,91.6,25.73,73.5,2.08,2.05,1,1,15,Normal,1.0,1
2025-01-27 15:57:00,31,72.88,70.41,46.98,1.2,2.2,1,0,290,Normal,0.0,0
2025-02-15 05:45:00,14,66.08,47.25,36.32,1.56,2.26,1,0,375,Normal,0.0,0
2025-03-05 21:55:00,26,81.72,36.74,38.09,1.03,1.99,2,0,295,Normal,0.0,1
2025-01-19 20:39:00,44,68.04,58.7,61.2,2.05,4.5,2,0,367,Overheating,0.0,1
2025-03-08 05:07:00,35,69.95,33.53,77.5,2.34,4.7,1,0,113,Normal,0.0,0
2025-02-04 01:32:00,26,67.65,52.62,78.46,1.73,2.71,1,0,92,Normal,0.0,0
2025-01-02 11:26:00,37,88.41,69.22,32.4,2.18,2.96,1,0,228,Normal,0.0,0
2025-02-19 09:49:00,12,104.56,46.98,38.36,2.98,3.55,1,1,3,Normal,1.0,1
2025-03-04 11:31:00,10,69.98,53.19,46.77,1.87,1.92,1,0,13,Normal,0.0,1
2025-01-20 06:34:00,12,75.78,63.98,63.12,4.73,0.87,1,0,284,Normal,0.0,0
2025-02-18 12:43:00,36,80.83,20.15,63.79,3.16,4.67,1,0,182,Normal,0.0,0
2025-02-06 20:35:00,32,84.09,41.36,76.48,1.31,4.57,2,0,449,Overheating,0.0,1
2025-01-21 03:52:00,7,67.63,66.34,73.88,3.39,3.94,1,0,267,Normal,0.0,0
2025-02-14 11:52:00,44,82.73,14.3,46.32,4.73,2.15,2,0,186,Overheating,0.0,1
2025-01-31 07:27:00,1,55.35,82.08,49.96,2.98,4.89,2,1,2,Vibration Issue,1.0,1
2025-01-15 03:55:00,24,84.69,59.62,30.14,1.29,1.35,2,0,268,Normal,0.0,1
2025-01-18 18:52:00,27,77.88,21.32,40.82,1.14,1.48,2,0,424,Vibration Issue,0.0,1
2025-01-24 04:41:00,9,84.83,48.1,38.36,1.93,2.79,2,0,412,Vibration Issue,0.0,1
2025-01-06 07:13:00,26,73.71,45.52,38.8,1.64,3.66,0,0,379,Normal,0.0,0
2025-02-24 21:54:00,46,78.14,66.23,59.7,1.69,1.62,1,0,32,Normal,0.0,0
2025-02-18 22:01:00,28,66.22,62.93,63.37,2.76,3.83,1,0,333,Normal,0.0,0
2025-01-17 20:39:00,46,69.71,45.05,47.06,4.7,3.52,1,0,47,Normal,0.0,0
2025-01-09 21:25:00,7,72.1,37.86,56.16,2.52,0.89,2,0,59,Pressure Drop,0.0,1
2025-01-31 03:57:00,2,90.66,55.68,41.24,1.29,3.61,2,1,42,Normal,1.0,1
2025-02-10 19:30:00,3,76.34,26.05,64.62,4.05,2.94,1,0,351,Normal,0.0,0
2025-01-05 00:15:00,31,58.6,92.1,58.68,3.86,0.76,1,1,31,Normal,1.0,1
2025-02-28 20:33:00,38,60.4,68.4,45.1,3.49,0.78,1,0,394,Normal,0.0,0
2025-02-27 20:20:00,16,80.71,51.02,30.06,2.27,4.1,2,0,241,Normal,0.0,1
2025-02-06 05:05:00,9,89.64,18.5,47.14,1.83,2.11,1,0,164,Normal,0.0,0
2025-01-11 23:49:00,2,82.05,47.9,73.28,4.66,3.19,2,0,114,Pressure Drop,0.0,1
2025-02-11 02:09:00,47,77.81,26.83,50.64,3.01,2.47,1,0,115,Normal,0.0,0
2025-02-25 06:41:00,21,102.54,34.81,68.63,4.29,4.74,1,1,46,Normal,1.0,1
2025-02-05 11:45:00,33,72.73,64.59,56.15,2.2,2.81,1,0,263,Normal,0.0,0
2025-03-02 04:54:00,11,91.12,46.07,78.83,2.73,3.82,1,1,24,Normal,1.0,1
2025-01-20 22:10:00,26,62.19,35.72,76.42,4.39,2.4,2,0,429,Vibration Issue,0.0,1
2025-03-06 11:15:00,10,66.58,42.65,30.01,1.22,4.94,1,0,17,Normal,0.0,1
2025-02-23 09:42:00,2,82.3,62.11,36.83,2.69,3.53,1,0,243,Normal,0.0,0
2025-01-23 13:42:00,35,61.47,40.15,74.8,2.28,4.52,1,0,226,Normal,0.0,0
2025-01-21 22:10:00,15,69.11,48.14,60.45,2.11,1.64,1,0,435,Normal,0.0,0
2025-02-11 05:56:00,14,74.83,40.41,57.7,1.51,2.12,1,0,10,Normal,0.0,1
2025-02-15 16:19:00,27,81.17,45.52,38.73,4.81,3.72,2,0,265,Vibration Issue,0.0,1
2025-02-04 14:05:00,1,55.88,56.98,62.2,3.66,3.15,2,0,157,Normal,0.0,1
2025-01-30 00:37:00,29,66.43,44.71,50.14,3.82,0.69,2,0,398,Overheating,0.0,1
2025-01-31 03:01:00,47,73.05,37.22,33.9,1.24,3.73,1,0,403,Normal,0.0,0
2025-02-03 09:12:00,35,63.08,60.33,43.55,4.97,2.03,1,0,224,Normal,0.0,0
2025-02-28 03:41:00,34,47.77,57.56,70.11,4.06,1.9,1,0,388,Normal,0.0,0
2025-01-22 14:31:00,23,74.73,49.32,57.91,3.15,4.74,1,0,63,Normal,0.0,0
2025-03-03 01:58:00,44,69.59,62.83,57.54,3.69,4.2,1,0,222,Normal,0.0,0
2025-01-09 05:02:00,1,71.72,44.11,53.55,2.53,3.02,2,0,226,Vibration Issue,0.0,1
2025-02-27 10:04:00,19,80.55,63.56,73.96,3.69,2.15,1,0,176,Normal,0.0,0
2025-01-17 01:46:00,48,72.56,59.63,49.03,4.45,2.73,1,0,25,Normal,0.0,0
2025-02-01 17:07:00,9,71.35,31.54,53.07,2.71,1.02,2,0,96,Normal,0.0,1
2025-01-11 02:41:00,19,76.85,47.57,53.25,4.67,1.67,1,0,216,Normal,0.0,0
2025-02-19 05:32:00,33,92.38,49.35,43.4,4.17,3.46,1,1,45,Normal,1.0,1
2025-02-03 18:38:00,42,78.23,33.2,45.26,4.07,1.89,0,0,43,Normal,0.0,0
2025-02-04 23:50:00,42,47.9,71.05,63.87,1.41,2.04,2,0,36,Pressure Drop,0.0,1
2025-02-17 20:22:00,32,68.24,25.31,69.02,1.24,3.26,2,0,164,Pressure Drop,0.0,1
2025-02-28 17:13:00,16,78.46,57.85,37.1,2.46,3.71,1,0,341,Normal,0.0,0
2025-03-08 09:47:00,27,97.49,70.88,39.77,1.41,2.72,1,1,24,Normal,1.0,1
2025-01-11 18:56:00,35,84.74,28.09,68.03,3.11,1.38,2,0,187,Vibration Issue,0.0,1
2025-02-19 10:33:00,18,68.41,64.69,41.26,1.77,0.89,1,0,111,Normal,0.0,0
2025-02-05 01:07:00,29,64.19,54.24,45.09,1.64,2.2,2,0,59,Normal,0.0,1
2025-01-18 08:04:00,42,55.75,70.61,78.68,4.82,2.32,1,0,30,Normal,0.0,0
2025-01-08 08:45:00,37,65.98,58.65,61.83,1.28,0.98,1,0,379,Normal,0.0,0
2025-01-09 04:29:00,24,79.73,40.77,79.32,3.08,2.33,2,0,432,Vibration Issue,0.0,1
2025-02-16 14:23:00,4,66.63,59.4,38.21,3.86,3.51,1,0,147,Normal,0.0,0
2025-02-14 11:19:00,15,74.76,23.8,33.48,3.94,3.89,1,0,300,Normal,0.0,0
2025-01-15 20:02:00,6,82.34,58.72,72.57,4.07,4.57,1,0,341,Normal,0.0,0
2025-01-20 00:41:00,47,87.43,40.1,57.1,4.49,4.02,1,0,422,Normal,0.0,0
2025-02-04 05:28:00,25,83.92,39.31,78.44,4.22,2.86,1,0,318,Normal,0.0,0
2025-01-12 17:13:00,50,66.48,53.99,76.28,1.17,3.39,1,0,487,Normal,0.0,0
2025-02-06 08:17:00,9,76.46,35.76,52.01,1.79,1.8,2,0,319,Pressure Drop,0.0,1
2025-01-18 06:27:00,29,64.81,39.0,36.19,2.57,1.77,1,0,252,Normal,0.0,0
2025-01-15 21:35:00,42,80.52,41.77,64.18,4.77,1.03,1,0,489,Normal,0.0,0
2025-02-13 12:33:00,19,75.55,46.29,57.16,4.1,4.61,1,0,473,Normal,0.0,0
2025-02-23 17:02:00,29,77.74,71.23,36.41,4.22,2.1,1,0,454,Normal,0.0,0
2025-02-18 00:55:00,15,62.54,62.61,35.36,2.6,4.32,1,0,458,Normal,0.0,0
2025-03-01 02:40:00,27,74.33,39.36,59.72,4.01,1.03,1,0,58,Normal,0.0,0
2025-01-11 08:26:00,42,62.45,39.37,77.59,1.25,1.46,1,0,440,Normal,0.0,0
2025-02-27 16:43:00,45,82.57,54.16,72.18,3.2,1.81,2,0,54,Normal,0.0,1
2025-03-08 11:10:00,18,73.48,41.74,56.08,4.39,4.03,1,0,50,Normal,0.0,0
2025-02-01 15:23:00,24,98.53,36.18,36.12,4.48,0.83,1,1,23,Normal,1.0,1
2025-01-09 23:24:00,23,77.74,52.09,47.7,2.42,2.24,2,0,314,Vibration Issue,0.0,1
2025-02-18 14:07:00,39,95.69,75.69,78.44,1.6,4.31,1,1,6,Normal,1.0,1
2025-02-05 06:36:00,5,80.89,47.7,41.64,4.16,4.3,2,0,209,Normal,0.0,1
2025-01-17 09:49:00,38,90.8,32.14,53.43,1.86,1.34,1,1,24,Normal,1.0,1
2025-03-08 12:10:00,12,70.28,40.34,62.2,1.2,0.86,2,0,407,Electrical Fault,0.0,1
2025-02-04 13:54:00,23,73.22,43.42,67.65,2.58,2.2,1,0,243,Normal,0.0,0
2025-02-23 09:46:00,39,70.87,81.95,55.03,3.46,3.62,1,1,46,Normal,1.0,1
2025-01-27 15:37:00,29,81.3,51.2,73.62,2.69,3.73,0,0,78,Normal,0.0,0
2025-01-09 03:28:00,48,78.35,80.86,60.95,4.63,3.87,0,1,48,Normal,1.0,1
2025-01-20 04:04:00,49,74.67,44.15,70.55,1.31,4.68,1,0,112,Normal,0.0,0
2025-02-05 19:08:00,47,90.49,67.52,71.33,4.05,0.54,1,1,44,Normal,1.0,1
2025-01-08 21:18:00,5,73.05,47.34,41.4,1.78,0.57,1,0,225,Normal,0.0,0
2025-02-04 10:07:00,38,75.91,61.09,61.38,3.07,0.95,2,0,190,Normal,0.0,1
2025-01-21 03:57:00,8,88.88,39.29,48.74,3.28,4.48,1,0,217,Normal,0.0,0
2025-01-31 17:27:00,25,92.75,87.46,51.32,3.1,2.92,1,1,5,Normal,1.0,1
2025-02-09 13:26:00,23,88.51,65.07,72.42,1.79,1.24,1,0,378,Normal,0.0,0
2025-02-08 18:29:00,18,79.36,47.82,54.2,4.2,1.45,1,0,54,Normal,0.0,0
2025-01-31 08:34:00,49,84.85,51.12,69.21,1.12,3.22,1,0,367,Normal,0.0,0
2025-02-27 10:09:00,46,76.93,48.64,51.01,1.5,1.69,2,0,366,Overheating,0.0,1
2025-02-22 02:41:00,28,68.26,50.67,63.26,2.6,2.78,1,0,127,Normal,0.0,0
2025-01-07 17:19:00,44,69.49,59.79,50.93,1.83,0.7,0,0,44,Normal,0.0,0
2025-03-03 23:18:00,47,70.67,51.32,67.36,3.02,1.6,1,0,277,Normal,0.0,0
2025-01-10 08:11:00,26,68.87,58.42,74.33,1.66,0.87,1,0,76,Normal,0.0,0
2025-01-12 07:11:00,34,78.58,38.41,66.85,3.91,0.78,1,0,28,Normal,0.0,0
2025-03-06 23:48:00,16,93.57,23.29,36.43,3.74,1.01,1,1,24,Normal,1.0,1
2025-01-08 20:17:00,50,83.55,26.92,56.49,1.56,4.77,2,0,78,Overheating,0.0,1
2025-02-20 00:37:00,38,78.14,39.83,53.52,4.27,2.98,1,0,156,Normal,0.0,0
2025-02-08 21:30:00,33,66.94,52.38,37.84,1.37,0.95,2,0,387,Vibration Issue,0.0,1
2025-01-27 09:06:00,47,66.38,38.34,70.33,4.84,4.77,1,0,325,Normal,0.0,0
2025-02-17 08:25:00,25,84.13,43.14,68.29,3.75,1.42,1,0,451,Normal,0.0,0
2025-03-10 03:00:00,48,73.46,86.44,77.29,1.79,1.97,1,1,48,Normal,1.0,1
2025-02-15 05:01:00,44,91.52,69.81,31.55,1.43,2.51,1,1,29,Normal,1.0,1
2025-02-08 01:05:00,21,95.08,57.19,54.32,1.65,4.15,1,1,19,Normal,1.0,1
2025-01-07 07:34:00,16,92.31,62.9,47.56,1.91,3.95,1,1,37,Normal,1.0,1
2025-02-19 09:37:00,1,64.49,42.44,51.41,1.01,2.68,1,0,169,Normal,0.0,0
2025-02-05 23:41:00,1,75.91,35.14,55.87,4.75,3.35,1,0,111,Normal,0.0,0
2025-01-02 14:33:00,46,73.35,69.93,47.94,3.63,0.58,0,0,291,Normal,0.0,0
2025-03-09 23:23:00,48,73.51,61.02,43.17,1.8,4.42,1,0,290,Normal,0.0,0
2025-03-03 23:36:00,29,93.42,18.17,58.93,2.48,1.88,1,1,28,Normal,1.0,1
2025-02-14 08:14:00,50,76.84,62.36,72.51,2.55,3.42,1,0,41,Normal,0.0,0
2025-02-28 04:29:00,1,66.01,49.62,76.13,4.66,0.98,1,0,119,Normal,0.0,0
2025-03-05 06:35:00,17,46.34,31.27,44.24,3.59,0.88,0,0,146,Normal,0.0,0
2025-02-15 07:05:00,8,73.63,79.77,74.74,4.4,0.58,1,0,200,Normal,0.0,0
2025-02-01 07:09:00,12,77.2,37.14,64.38,3.79,0.77,2,0,282,Normal,0.0,1
2025-01-29 12:09:00,29,75.16,50.83,76.5,2.31,0.61,1,0,165,Normal,0.0,0
2025-03-08 22:30:00,41,76.25,54.04,34.43,2.14,3.37,1,0,244,Normal,0.0,0
2025-01-01 21:56:00,38,54.53,89.16,47.32,4.92,1.42,1,1,35,Normal,1.0,1
2025-03-07 12:07:00,30,72.55,56.7,34.35,3.83,4.39,1,0,229,Normal,0.0,0
2025-02-17 11:47:00,13,81.79,57.18,61.12,1.76,4.89,1,0,99,Normal,0.0,0
2025-02-10 15:36:00,25,85.03,30.96,45.59,3.67,4.0,0,0,56,Normal,0.0,0
2025-02-01 01:23:00,3,67.98,44.42,71.29,2.47,3.02,2,0,433,Overheating,0.0,1
2025-01-31 11:04:00,23,92.63,45.67,39.7,4.29,4.13,1,1,37,Normal,1.0,1
2025-01-30 08:03:00,19,91.98,40.23,69.61,2.05,4.96,0,1,47,Normal,1.0,1
2025-03-05 05:38:00,30,78.3,56.58,43.71,1.81,0.69,1,0,331,Normal,0.0,0
2025-01-31 08:30:00,42,71.97,58.49,73.05,1.09,0.72,2,0,414,Normal,0.0,1
2025-03-03 10:32:00,48,78.97,52.06,49.01,1.46,3.44,2,0,168,Overheating,0.0,1
2025-02-24 14:25:00,45,91.79,54.13,55.51,1.48,1.56,1,1,26,Normal,1.0,1
2025-01-27 20:07:00,44,71.95,51.01,57.05,1.84,3.11,1,0,49,Normal,0.0,0
2025-03-02 18:16:00,19,78.18,45.44,72.78,3.11,3.53,1,0,387,Normal,0.0,0
2025-02-18 01:49:00,49,82.27,76.53,33.34,1.94,3.65,2,0,196,Vibration Issue,0.0,1
2025-02-05 22:43:00,11,78.41,43.94,46.92,1.63,2.67,2,0,394,Vibration Issue,0.0,1
2025-03-07 20:08:00,19,76.7,46.34,62.47,2.14,3.1,2,0,187,Pressure Drop,0.0,1
2025-01-22 18:48:00,40,76.64,66.7,70.01,4.01,5.0,1,0,22,Normal,0.0,0
2025-01-22 18:29:00,3,68.16,52.63,52.64,3.03,3.85,2,0,84,Overheating,0.0,1
2025-01-15 09:59:00,19,71.04,33.83,56.96,1.2,1.63,2,0,59,Electrical Fault,0.0,1
2025-02-01 00:42:00,13,98.2,47.22,63.03,2.99,3.59,1,1,30,Normal,1.0,1
2025-02-22 17:46:00,6,93.92,56.54,53.88,1.43,4.94,1,1,48,Normal,1.0,1
2025-02-15 06:06:00,23,70.03,51.34,30.99,3.3,1.97,1,0,11,Normal,0.0,1
2025-02-26 07:51:00,43,79.78,66.36,43.93,2.62,4.68,1,0,297,Normal,0.0,0
2025-02-12 20:47:00,21,89.5,61.44,56.7,4.9,1.33,1,0,363,Normal,0.0,0
2025-02-24 15:16:00,15,66.02,80.32,58.86,1.81,2.85,1,1,26,Normal,1.0,1
2025-02-08 04:34:00,28,81.95,42.93,59.31,2.2,2.85,0,0,191,Normal,0.0,0
2025-02-06 04:33:00,46,84.85,65.73,65.64,1.04,4.44,2,0,239,Normal,0.0,1
2025-02-02 02:53:00,38,76.03,39.37,66.54,4.61,1.65,1,0,405,Normal,0.0,0
2025-02-09 15:18:00,21,76.24,42.69,40.93,2.78,1.35,1,0,364,Normal,0.0,0
2025-02-24 14:45:00,17,90.12,47.6,63.79,2.4,0.7,2,1,15,Pressure Drop,1.0,1
2025-02-14 02:21:00,2,67.17,51.64,31.21,4.9,0.52,1,0,242,Normal,0.0,0
2025-02-03 18:31:00,4,73.93,54.78,76.37,4.49,3.54,1,0,133,Normal,0.0,0
2025-01-07 21:29:00,38,80.2,54.02,79.01,1.8,3.1,1,0,465,Normal,0.0,0
2025-01-01 15:41:00,14,57.76,71.85,45.96,3.79,3.45,1,0,50,Normal,0.0,0
2025-02-10 05:03:00,2,67.14,44.69,72.73,4.16,3.65,2,0,158,Normal,0.0,1
2025-01-06 19:36:00,39,63.08,71.3,68.64,3.19,1.78,1,0,205,Normal,0.0,0
2025-01-22 09:05:00,23,86.7,63.62,57.79,3.49,3.99,2,0,315,Vibration Issue,0.0,1
2025-02-09 05:16:00,8,79.35,32.89,56.1,2.27,1.06,1,0,293,Normal,0.0,0
2025-02-12 20:48:00,37,92.52,52.1,79.78,1.5,1.85,1,1,4,Normal,1.0,1
2025-02-19 10:46:00,46,92.34,51.55,49.04,4.05,0.8,1,1,8,Normal,1.0,1
2025-01-04 00:13:00,11,81.97,49.05,63.18,3.01,4.65,1,0,70,Normal,0.0,0
2025-01-06 16:52:00,36,65.64,36.6,64.87,1.09,1.48,1,0,273,Normal,0.0,0
2025-01-29 14:55:00,45,73.7,43.32,30.2,2.52,4.45,0,0,329,Normal,0.0,0
2025-02-16 19:08:00,9,75.61,78.15,59.19,1.22,4.84,1,0,16,Normal,0.0,1
2025-01-05 05:22:00,49,96.47,48.19,70.54,3.22,4.34,1,1,5,Normal,1.0,1
2025-02-20 06:50:00,8,61.11,76.26,67.17,4.16,2.78,1,0,465,Normal,0.0,0
2025-01-18 13:03:00,8,74.59,61.09,57.51,2.83,0.92,2,0,230,Pressure Drop,0.0,1
2025-01-17 18:27:00,34,72.41,28.91,44.5,3.4,4.54,1,0,420,Normal,0.0,0
2025-01-31 18:25:00,11,83.92,68.9,65.92,4.0,2.78,0,0,432,Normal,0.0,0
2025-01-13 10:18:00,46,72.82,36.84,40.53,3.59,0.89,2,0,292,Vibration Issue,0.0,1
2025-02-23 06:38:00,32,92.14,19.84,53.17,2.9,1.75,1,1,47,Normal,1.0,1
2025-02-25 17:50:00,48,69.46,60.72,55.29,4.2,3.14,1,0,178,Normal,0.0,0
2025-01-22 08:12:00,38,52.58,83.88,79.64,3.12,2.02,1,1,44,Normal,1.0,1
2025-02-13 05:52:00,23,63.48,56.5,49.76,4.69,2.06,1,0,271,Normal,0.0,0
2025-02-18 10:29:00,28,76.14,23.75,50.75,2.15,3.51,1,0,480,Normal,0.0,0
2025-01-02 03:46:00,29,77.19,41.7,63.38,4.15,3.01,1,0,21,Normal,0.0,0
2025-01-29 03:31:00,21,61.29,33.55,44.9,2.55,4.51,1,0,330,Normal,0.0,0
2025-02-18 22:15:00,31,87.47,81.65,42.33,3.25,2.29,1,1,44,Normal,1.0,1
2025-01-30 05:14:00,14,71.61,50.96,76.35,4.05,3.15,2,0,434,Normal,0.0,1
2025-02-10 02:43:00,23,97.33,56.39,61.1,3.49,3.08,1,1,25,Normal,1.0,1
2025-02-16 13:47:00,10,68.56,47.69,71.8,2.07,4.04,1,0,246,Normal,0.0,0
2025-03-05 13:09:00,40,74.9,71.78,72.08,1.07,2.89,1,0,497,Normal,0.0,0
2025-03-03 07:49:00,22,66.73,38.0,54.56,3.73,3.21,1,0,12,Normal,0.0,1
2025-01-20 12:16:00,13,72.6,43.28,50.97,2.2,0.72,2,0,162,Normal,0.0,1
2025-01-16 11:59:00,20,78.54,65.11,56.1,1.08,4.69,1,0,397,Normal,0.0,0
2025-03-07 23:08:00,22,73.31,36.69,58.54,1.13,4.42,1,0,218,Normal,0.0,0
2025-02-01 00:33:00,24,53.15,59.86,75.32,4.73,2.14,1,0,188,Normal,0.0,0
2025-02-23 04:44:00,38,70.19,66.65,33.66,1.16,3.53,1,0,297,Normal,0.0,0
2025-02-06 23:42:00,45,76.67,41.58,56.45,1.89,2.2,1,0,446,Normal,0.0,0
2025-01-30 22:18:00,11,70.34,31.84,66.66,3.31,4.29,1,0,332,Normal,0.0,0
2025-02-25 22:57:00,48,87.02,46.89,79.07,3.91,3.8,1,0,490,Normal,0.0,0
2025-02-17 23:04:00,6,73.3,60.44,37.62,2.15,3.16,1,0,224,Normal,0.0,0
2025-02-05 00:40:00,50,77.26,47.22,59.73,4.47,3.15,2,0,273,Pressure Drop,0.0,1
2025-03-10 11:55:00,19,79.35,38.55,35.55,3.47,1.03,2,0,147,Vibration Issue,0.0,1
2025-01-12 03:43:00,49,74.1,33.05,67.53,4.76,3.93,1,0,197,Normal,0.0,0
2025-01-05 10:23:00,36,62.23,70.22,72.71,2.08,3.14,2,0,212,Normal,0.0,1
2025-01-14 02:14:00,19,96.88,58.95,63.41,3.4,1.93,2,1,29,Overheating,1.0,1
2025-01-05 03:30:00,44,64.52,56.49,37.38,4.58,2.11,1,0,189,Normal,0.0,0
2025-01-05 15:40:00,42,84.59,64.86,74.37,4.64,2.56,2,0,488,Normal,0.0,1
2025-02-26 08:31:00,36,77.17,48.6,66.67,3.67,4.75,2,0,345,Pressure Drop,0.0,1
2025-03-10 00:28:00,33,81.63,36.86,37.41,1.62,4.06,2,0,404,Normal,0.0,1
2025-03-04 14:42:00,45,90.01,72.09,52.19,3.45,3.07,1,1,8,Normal,1.0,1
2025-03-09 11:49:00,39,69.91,20.84,50.44,1.18,4.53,1,0,300,Normal,0.0,0
2025-01-20 03:34:00,25,84.51,77.55,34.52,4.82,3.63,2,0,379,Pressure Drop,0.0,1
2025-02-09 13:53:00,31,70.5,62.99,36.33,1.45,0.84,2,0,78,Pressure Drop,0.0,1
2025-02-28 23:30:00,43,67.14,35.43,61.33,4.06,3.42,1,0,429,Normal,0.0,0
2025-03-10 10:30:00,48,75.83,50.39,59.19,2.44,4.79,2,0,172,Pressure Drop,0.0,1
2025-03-08 11:51:00,17,76.42,80.96,74.81,1.71,2.12,1,1,44,Normal,1.0,1
2025-02-04 22:50:00,5,68.69,39.31,36.72,4.11,1.29,1,0,340,Normal,0.0,0
2025-02-28 05:29:00,25,55.0,52.47,38.57,2.66,2.33,1,0,144,Normal,0.0,0
2025-02-01 08:39:00,36,73.21,50.78,55.82,2.13,2.86,2,0,465,Vibration Issue,0.0,1
2025-02-17 19:15:00,33,93.7,68.24,51.96,2.33,2.5,1,1,15,Normal,1.0,1
2025-03-04 11:51:00,47,70.16,67.42,47.48,1.26,3.22,1,0,445,Normal,0.0,0
2025-02-18 02:22:00,41,90.81,31.16,37.94,3.56,4.53,1,1,2,Normal,1.0,1
2025-03-02 04:31:00,39,64.36,39.23,32.92,2.28,2.18,1,0,143,Normal,0.0,0
2025-01-21 21:06:00,14,83.09,46.71,50.04,1.97,2.48,1,0,248,Normal,0.0,0
2025-02-12 09:05:00,7,61.89,36.61,49.8,2.4,3.54,1,0,46,Normal,0.0,0
2025-03-09 04:42:00,23,59.82,25.87,47.02,4.18,2.24,2,0,263,Vibration Issue,0.0,1
2025-01-05 15:30:00,44,71.46,72.15,67.74,2.12,3.94,2,0,94,Overheating,0.0,1
2025-03-02 14:32:00,44,74.04,48.69,54.76,1.36,2.45,2,0,493,Vibration Issue,0.0,1
2025-01-25 05:36:00,13,85.42,68.72,30.74,1.04,1.96,1,0,42,Normal,0.0,0
2025-01-22 05:47:00,25,93.8,65.21,48.19,4.81,2.88,1,1,40,Normal,1.0,1
2025-02-14 07:00:00,14,76.7,50.83,54.87,3.22,3.49,1,0,259,Normal,0.0,0
2025-03-06 10:09:00,16,92.23,39.12,41.41,3.64,1.09,0,1,4,Normal,1.0,1
2025-02-26 01:09:00,29,75.01,24.15,54.91,3.06,0.96,2,0,24,Electrical Fault,0.0,1
2025-02-27 17:34:00,43,91.65,54.58,65.7,2.78,1.61,1,1,12,Normal,1.0,1
2025-01-04 15:39:00,48,59.12,48.26,54.36,2.63,1.37,1,0,447,Normal,0.0,0
2025-01-04 14:54:00,38,93.06,43.62,35.2,1.8,4.7,1,1,47,Normal,1.0,1
2025-01-02 02:21:00,34,62.46,41.98,55.65,3.31,4.73,1,0,224,Normal,0.0,0
2025-02-11 00:50:00,22,60.0,27.47,49.17,1.92,0.95,0,0,55,Normal,0.0,0
2025-01-12 15:32:00,2,88.3,64.81,69.39,1.86,4.58,1,0,132,Normal,0.0,0
2025-01-15 17:37:00,20,78.57,76.44,40.13,1.24,4.16,1,0,402,Normal,0.0,0
2025-01-26 14:38:00,43,73.38,56.71,69.27,1.76,2.43,1,0,415,Normal,0.0,0
2025-01-13 10:04:00,15,79.92,65.38,79.06,3.91,0.65,2,0,136,Vibration Issue,0.0,1
2025-01-22 00:32:00,50,73.08,68.61,40.13,2.79,1.0,1,0,269,Normal,0.0,0
2025-01-01 10:29:00,45,83.48,37.94,56.43,1.23,3.18,0,0,268,Normal,0.0,0
2025-02-05 08:46:00,35,66.21,18.26,42.79,3.33,3.99,1,0,252,Normal,0.0,0
2025-01-10 23:17:00,20,75.36,48.09,35.7,2.92,1.57,1,0,129,Normal,0.0,0
2025-02-22 08:00:00,26,81.48,66.79,72.1,3.77,1.26,1,0,458,Normal,0.0,0
2025-03-06 04:23:00,29,83.6,55.21,52.51,1.84,3.38,1,0,417,Normal,0.0,0
2025-03-10 01:27:00,49,91.84,73.24,37.77,1.33,3.96,2,1,38,Vibration Issue,1.0,1
2025-01-28 04:12:00,22,66.06,35.05,50.1,2.38,4.21,0,0,29,Normal,0.0,0
2025-01-03 17:23:00,8,62.75,52.3,78.56,2.75,4.53,1,0,66,Normal,0.0,0
2025-01-16 23:08:00,16,81.67,45.23,74.07,4.77,2.01,2,0,90,Vibration Issue,0.0,1
2025-02-28 11:38:00,33,69.75,52.65,31.57,3.95,4.43,1,0,447,Normal,0.0,0
2025-01-16 23:40:00,35,65.05,36.82,68.25,4.59,3.27,1,0,389,Normal,0.0,0
2025-03-09 02:10:00,11,73.34,48.64,77.48,2.71,1.94,1,0,40,Normal,0.0,0
2025-02-11 23:56:00,40,80.54,43.0,33.59,3.98,2.08,1,0,484,Normal,0.0,0
2025-01-17 21:40:00,2,82.19,48.94,33.17,1.61,4.42,1,0,132,Normal,0.0,0
2025-03-08 08:05:00,29,97.94,45.63,76.85,1.76,2.92,0,1,40,Normal,1.0,1
2025-02-10 05:02:00,42,69.09,48.02,37.04,4.7,2.22,2,0,43,Pressure Drop,0.0,1
2025-01-08 07:03:00,7,76.96,40.63,34.53,4.61,1.83,2,0,380,Normal,0.0,1
2025-03-02 09:16:00,7,94.32,68.96,36.5,2.9,3.04,0,1,47,Normal,1.0,1
2025-01-07 18:08:00,14,81.39,52.88,40.06,3.2,3.01,1,0,54,Normal,0.0,0
2025-02-14 16:21:00,38,79.11,40.96,54.91,3.0,2.77,1,0,479,Normal,0.0,0
2025-01-16 17:52:00,14,74.24,26.21,52.29,3.66,1.13,1,0,267,Normal,0.0,0
2025-02-10 14:37:00,30,93.32,64.25,76.75,3.76,2.08,2,1,8,Overheating,1.0,1
2025-01-31 01:22:00,10,83.54,57.24,57.55,4.91,1.8,1,0,400,Normal,0.0,0
2025-02-26 22:28:00,19,82.81,50.96,63.94,2.13,3.53,1,0,291,Normal,0.0,0
2025-01-28 00:03:00,2,83.88,50.41,37.82,1.99,0.74,1,0,358,Normal,0.0,0
2025-02-03 22:15:00,29,66.71,80.73,48.45,2.16,0.88,1,1,34,Normal,1.0,1
2025-01-28 04:20:00,38,83.13,52.46,35.76,2.55,3.54,1,0,437,Normal,0.0,0
2025-01-02 12:34:00,25,79.09,32.6,74.2,2.04,3.25,1,0,26,Normal,0.0,0
2025-03-06 22:20:00,34,68.55,48.16,61.06,1.76,4.29,0,0,285,Normal,0.0,0
2025-02-14 14:31:00,35,97.57,59.61,77.78,3.28,1.1,1,1,18,Normal,1.0,1
2025-03-10 18:48:00,27,94.87,38.54,34.58,2.32,0.95,1,1,45,Normal,1.0,1
2025-03-02 14:11:00,14,82.07,32.24,75.02,1.73,2.31,1,0,220,Normal,0.0,0
2025-03-02 20:38:00,49,75.96,43.57,72.51,3.39,4.89,1,0,253,Normal,0.0,0
2025-01-30 23:52:00,21,92.82,39.07,45.42,3.98,4.09,1,1,9,Normal,1.0,1
2025-02-06 18:03:00,30,86.55,61.53,68.01,4.88,2.52,2,0,258,Vibration Issue,0.0,1
2025-01-09 03:30:00,19,86.76,51.0,34.77,4.67,4.99,1,0,14,Normal,0.0,1
2025-01-07 08:55:00,3,87.05,50.88,64.56,1.04,2.06,2,0,139,Vibration Issue,0.0,1
2025-02-24 04:49:00,49,84.85,70.4,79.08,3.78,1.16,1,0,65,Normal,0.0,0
2025-03-04 01:25:00,43,70.9,93.91,42.96,1.31,2.83,1,1,40,Normal,1.0,1
2025-03-08 14:41:00,46,70.2,51.18,49.39,4.54,4.42,1,0,18,Normal,0.0,1
2025-03-06 05:51:00,19,71.25,29.39,76.74,4.12,1.22,1,0,163,Normal,0.0,0
2025-02-02 16:11:00,13,89.04,73.61,69.57,2.84,0.6,1,0,119,Normal,0.0,0
2025-02-18 07:09:00,9,61.59,35.47,42.72,3.89,0.55,2,0,445,Overheating,0.0,1
2025-02-23 10:17:00,20,74.04,44.36,33.07,2.8,2.81,0,0,432,Normal,0.0,0
2025-01-18 21:32:00,13,92.79,40.06,50.02,4.25,2.87,2,1,1,Pressure Drop,1.0,1
2025-02-07 11:17:00,25,87.97,35.71,62.25,1.24,3.76,1,0,47,Normal,0.0,0
2025-01-13 22:39:00,34,72.15,36.84,72.74,4.22,2.15,0,0,260,Normal,0.0,0
2025-02-01 20:00:00,12,50.21,40.55,46.94,3.5,4.4,1,0,375,Normal,0.0,0
2025-01-28 08:39:00,10,72.19,80.71,49.99,4.14,1.99,1,1,13,Normal,1.0,1
2025-01-26 03:42:00,41,68.64,76.48,59.92,3.96,1.59,1,0,358,Normal,0.0,0
2025-01-18 10:58:00,1,59.81,53.84,35.56,3.53,3.25,1,0,163,Normal,0.0,0
2025-02-17 21:38:00,4,83.28,44.44,48.14,1.66,1.49,2,0,453,Normal,0.0,1
2025-01-21 08:27:00,24,81.99,49.49,53.87,2.27,2.4,1,0,126,Normal,0.0,0
2025-03-10 22:30:00,50,69.74,59.17,78.25,2.36,4.8,2,0,450,Overheating,0.0,1
2025-02-06 12:16:00,39,81.58,66.8,30.81,3.57,0.98,1,0,178,Normal,0.0,0
2025-01-17 20:34:00,13,66.49,66.08,76.79,1.67,4.2,1,0,472,Normal,0.0,0
2025-01-04 18:09:00,44,60.93,33.64,77.74,4.42,2.31,2,0,166,Pressure Drop,0.0,1
2025-03-07 16:11:00,30,76.91,49.97,46.28,3.24,2.54,1,0,409,Normal,0.0,0
2025-03-03 16:10:00,4,67.16,64.13,40.41,1.57,2.86,2,0,489,Overheating,0.0,1
2025-01-29 17:29:00,4,78.02,46.8,50.23,4.12,3.41,1,0,243,Normal,0.0,0
2025-01-10 15:35:00,33,91.16,41.63,77.79,4.27,3.59,1,1,46,Normal,1.0,1
2025-02-04 21:48:00,28,86.1,61.24,56.49,2.2,2.01,1,0,198,Normal,0.0,0
2025-01-12 13:05:00,28,87.51,24.97,59.52,4.16,1.48,0,0,311,Normal,0.0,0
2025-01-11 00:31:00,48,81.37,39.02,34.44,4.21,1.63,1,0,11,Normal,0.0,1
2025-02-25 22:28:00,37,87.09,61.81,72.56,2.81,4.23,0,0,75,Normal,0.0,0
2025-01-25 01:06:00,35,64.03,56.47,40.76,1.83,1.52,1,0,17,Normal,0.0,1
2025-02-26 11:50:00,3,64.77,71.97,43.33,2.82,2.28,1,0,19,Normal,0.0,1
2025-01-10 02:18:00,16,92.24,33.4,52.51,4.83,1.97,1,1,15,Normal,1.0,1
2025-02-05 14:47:00,2,71.4,58.47,66.21,3.46,3.57,2,0,201,Overheating,0.0,1
2025-02-22 18:55:00,23,65.71,48.68,55.8,1.9,4.58,0,0,205,Normal,0.0,0
2025-01-06 18:36:00,30,65.35,41.68,69.41,1.68,4.23,1,0,93,Normal,0.0,0
2025-02-13 14:46:00,25,67.82,65.06,36.46,2.26,1.04,1,0,19,Normal,0.0,1
2025-01-19 22:04:00,11,61.32,73.48,36.68,2.1,4.36,1,0,407,Normal,0.0,0
2025-01-23 19:22:00,2,71.69,52.21,47.31,3.04,1.6,1,0,218,Normal,0.0,0
2025-02-13 21:06:00,37,92.8,61.92,59.94,4.76,4.29,1,1,36,Normal,1.0,1
2025-01-18 20:02:00,28,78.81,46.7,54.77,2.43,4.97,2,0,131,Overheating,0.0,1
2025-02-03 17:03:00,46,81.8,33.93,66.11,4.13,2.85,1,0,257,Normal,0.0,0
2025-01-06 21:07:00,37,63.3,56.44,65.35,2.34,0.93,2,0,313,Overheating,0.0,1
2025-01-08 03:32:00,8,72.15,89.46,42.34,4.24,2.38,1,1,4,Normal,1.0,1
2025-02-22 01:11:00,15,77.61,44.08,54.35,2.59,2.94,1,0,490,Normal,0.0,0
2025-01-12 22:46:00,37,67.73,82.25,73.88,4.76,0.54,2,1,37,Pressure Drop,1.0,1
2025-01-18 03:07:00,18,76.4,72.35,45.06,4.02,2.16,1,0,332,Normal,0.0,0
2025-02-03 03:50:00,17,76.7,24.86,52.69,3.53,0.57,2,0,389,Electrical Fault,0.0,1
2025-01-26 14:10:00,30,77.61,27.99,43.51,3.61,2.43,2,0,434,Pressure Drop,0.0,1
2025-03-08 16:31:00,3,102.7,60.23,37.02,4.2,4.04,1,1,44,Normal,1.0,1
2025-02-25 17:42:00,1,62.75,31.79,54.27,3.89,2.27,2,0,499,Electrical Fault,0.0,1
2025-03-07 02:36:00,47,65.61,55.93,61.96,4.1,4.21,1,0,383,Normal,0.0,0
2025-01-06 18:55:00,20,65.74,52.71,62.83,2.1,4.95,1,0,79,Normal,0.0,0
2025-02-12 03:53:00,19,80.01,29.83,71.77,3.69,1.88,2,0,174,Vibration Issue,0.0,1
2025-01-26 14:58:00,42,82.3,62.14,55.6,4.19,3.84,0,0,104,Normal,0.0,0
2025-01-31 00:59:00,24,92.54,32.21,37.17,2.27,3.21,1,1,22,Normal,1.0,1
2025-02-13 06:55:00,18,81.74,25.51,55.72,2.93,1.11,1,0,122,Normal,0.0,0
2025-01-17 17:53:00,33,58.52,51.15,79.05,1.51,2.19,1,0,488,Normal,0.0,0
2025-03-02 22:31:00,32,89.78,49.2,53.49,4.92,1.3,1,0,99,Normal,0.0,0
2025-02-16 04:52:00,30,61.0,60.07,46.65,4.37,4.08,2,0,491,Pressure Drop,0.0,1
2025-01-03 22:57:00,50,65.45,39.16,64.62,1.16,3.63,2,0,378,Overheating,0.0,1
2025-02-17 06:09:00,22,94.67,37.34,32.7,1.69,3.14,1,1,4,Normal,1.0,1
2025-01-29 13:08:00,13,58.96,59.18,51.77,2.79,2.26,1,0,271,Normal,0.0,0
2025-01-26 21:23:00,21,91.34,65.6,44.98,3.26,2.47,1,1,40,Normal,1.0,1
2025-02-17 05:29:00,5,69.78,67.0,57.57,1.44,0.82,0,0,40,Normal,0.0,0
2025-02-10 03:34:00,28,90.95,39.62,47.13,2.75,1.95,1,1,14,Normal,1.0,1
2025-03-04 11:56:00,39,60.52,18.97,77.05,1.72,2.72,1,0,87,Normal,0.0,0
2025-03-08 20:14:00,22,59.47,51.3,48.0,4.57,4.98,2,0,18,Normal,0.0,1
2025-03-10 19:16:00,29,72.22,45.71,51.97,2.21,4.36,1,0,478,Normal,0.0,0
2025-01-21 23:02:00,43,79.47,39.22,63.99,3.22,3.86,2,0,247,Vibration Issue,0.0,1
2025-01-21 07:49:00,50,86.95,35.64,35.62,3.51,3.7,1,0,444,Normal,0.0,0
2025-01-24 17:40:00,17,80.55,39.83,66.83,2.78,3.78,1,0,307,Normal,0.0,0
2025-01-20 00:12:00,5,75.69,50.67,34.09,2.03,1.96,1,0,356,Normal,0.0,0
2025-01-05 12:10:00,35,66.82,50.52,30.64,1.3,4.03,1,0,161,Normal,0.0,0
2025-01-01 21:15:00,28,90.71,80.51,44.36,2.35,4.58,1,1,13,Normal,1.0,1
2025-01-22 16:04:00,44,87.28,50.47,54.94,1.13,3.57,1,0,373,Normal,0.0,0
2025-02-12 03:25:00,37,96.44,41.05,62.91,3.98,0.79,1,1,40,Normal,1.0,1
2025-01-28 10:41:00,29,76.37,11.01,58.68,3.56,2.33,2,0,84,Overheating,0.0,1
2025-02-26 04:34:00,48,73.72,34.72,79.68,4.74,0.61,1,0,424,Normal,0.0,0
2025-01-06 15:53:00,20,59.31,32.73,53.52,4.85,2.2,1,0,94,Normal,0.0,0
2025-01-11 07:43:00,3,66.33,67.44,38.59,1.73,3.71,1,0,288,Normal,0.0,0
2025-02-09 22:53:00,20,96.05,43.42,54.7,3.73,1.55,0,1,36,Normal,1.0,1
2025-02-25 08:23:00,28,57.62,50.94,71.3,4.69,3.86,1,0,359,Normal,0.0,0
2025-01-06 18:54:00,12,59.77,44.59,71.94,4.84,1.99,1,0,126,Normal,0.0,0
2025-03-02 15:32:00,30,73.31,56.66,73.96,2.47,2.64,1,0,19,Normal,0.0,1
2025-02-11 19:02:00,31,87.07,63.26,47.94,1.88,2.1,1,0,407,Normal,0.0,0
2025-03-07 22:24:00,34,70.83,45.29,31.5,2.65,1.7,2,0,131,Vibration Issue,0.0,1
2025-03-06 14:21:00,36,91.64,49.33,51.28,2.67,3.12,1,1,44,Normal,1.0,1
2025-01-26 07:05:00,9,65.05,51.38,45.46,4.15,1.57,1,0,144,Normal,0.0,0
2025-02-18 11:26:00,27,70.08,33.04,49.72,2.38,2.06,1,0,331,Normal,0.0,0
2025-01-12 10:34:00,6,74.95,24.19,60.83,3.62,2.47,0,0,90,Normal,0.0,0
2025-02-04 09:00:00,27,73.89,55.12,54.05,3.07,1.72,1,0,231,Normal,0.0,0
2025-01-31 01:50:00,10,97.86,22.77,39.12,3.87,4.25,1,1,39,Normal,1.0,1
2025-03-09 15:41:00,8,87.43,26.07,39.64,2.63,3.94,1,0,350,Normal,0.0,0
2025-02-23 00:18:00,11,75.4,35.22,75.26,1.42,1.98,2,0,155,Electrical Fault,0.0,1
2025-01-10 04:22:00,7,85.82,45.61,61.61,2.56,1.73,1,0,93,Normal,0.0,0
2025-02-04 02:29:00,25,73.6,70.3,50.08,3.5,4.0,1,0,13,Normal,0.0,1
2025-02-27 10:44:00,34,73.14,46.43,58.95,2.38,2.16,2,0,316,Vibration Issue,0.0,1
2025-01-06 22:08:00,11,52.7,69.46,76.56,3.19,1.71,1,0,412,Normal,0.0,0
2025-01-06 02:16:00,4,81.54,47.94,34.15,1.7,4.86,0,0,150,Normal,0.0,0
2025-02-28 07:33:00,32,87.13,22.07,77.16,2.15,2.9,2,0,118,Vibration Issue,0.0,1
2025-01-24 18:39:00,32,77.15,39.18,56.22,2.47,3.14,1,0,29,Normal,0.0,0
2025-01-17 16:57:00,50,75.4,24.36,64.65,3.61,1.19,1,0,472,Normal,0.0,0
2025-02-22 11:52:00,25,75.51,23.21,39.98,1.8,3.43,1,0,106,Normal,0.0,0
2025-01-17 12:21:00,35,74.84,35.09,43.55,4.53,1.27,1,0,411,Normal,0.0,0
2025-02-08 02:58:00,5,96.43,48.23,55.58,4.71,3.76,1,1,26,Normal,1.0,1
2025-03-09 16:38:00,34,66.6,49.21,41.09,4.88,3.08,1,0,379,Normal,0.0,0
2025-01-16 05:19:00,50,96.45,29.03,76.19,3.72,0.95,1,1,42,Normal,1.0,1
2025-02-16 07:25:00,25,65.73,66.7,54.71,3.0,2.39,0,0,166,Normal,0.0,0
2025-01-03 17:12:00,12,80.35,53.28,56.76,2.86,2.06,1,0,476,Normal,0.0,0
2025-02-08 19:35:00,21,66.31,47.29,67.35,1.74,3.81,2,0,299,Normal,0.0,1
2025-01-02 22:54:00,5,93.06,44.57,73.36,4.47,1.16,1,1,38,Normal,1.0,1
2025-01-05 09:02:00,12,68.18,37.83,52.33,4.57,4.12,1,0,419,Normal,0.0,0
2025-02-07 14:41:00,14,63.22,57.42,58.39,3.5,4.26,1,0,30,Normal,0.0,0
2025-01-02 22:28:00,23,79.48,62.83,42.98,1.36,2.77,2,0,18,Pressure Drop,0.0,1
2025-01-31 10:54:00,10,67.25,32.96,79.34,1.54,3.03,0,0,95,Normal,0.0,0
2025-02-19 07:48:00,36,68.53,40.18,44.58,1.03,1.81,1,0,31,Normal,0.0,0
2025-01-08 11:25:00,37,86.49,67.78,62.89,3.14,4.42,1,0,104,Normal,0.0,0
2025-02-24 20:45:00,50,75.73,49.84,67.58,2.53,4.02,2,0,254,Normal,0.0,1
2025-01-17 13:55:00,18,83.76,31.4,61.71,1.29,3.52,1,0,341,Normal,0.0,0
2025-02-20 02:32:00,15,78.37,84.1,51.53,4.28,1.96,1,1,33,Normal,1.0,1
2025-01-24 04:07:00,20,94.84,52.81,55.36,4.35,4.69,1,1,13,Normal,1.0,1
2025-02-24 07:38:00,9,78.78,55.02,61.05,4.68,1.45,1,0,149,Normal,0.0,0
2025-02-24 07:02:00,44,67.8,25.96,79.46,2.35,4.84,0,0,38,Normal,0.0,0
2025-03-09 20:49:00,28,76.31,44.73,49.73,4.13,0.58,1,0,116,Normal,0.0,0
2025-02-14 12:14:00,9,75.61,61.98,57.12,2.32,1.31,2,0,493,Vibration Issue,0.0,1
2025-03-07 18:44:00,13,80.05,47.48,38.65,1.55,2.66,0,0,125,Normal,0.0,0
2025-02-25 10:16:00,1,92.44,32.85,62.58,3.8,2.46,1,1,36,Normal,1.0,1
2025-02-17 02:33:00,31,75.69,74.17,43.97,2.74,0.86,2,0,443,Pressure Drop,0.0,1
2025-03-10 17:09:00,38,83.84,51.62,59.77,2.89,1.87,1,0,14,Normal,0.0,1
2025-01-08 12:38:00,16,89.7,38.54,37.15,2.22,4.37,1,0,272,Normal,0.0,0
2025-01-02 17:53:00,23,75.71,43.19,32.86,4.52,2.4,1,0,267,Normal,0.0,0
2025-03-10 23:18:00,33,70.17,67.43,46.15,1.42,3.39,1,0,467,Normal,0.0,0
2025-01-23 14:25:00,12,80.77,48.85,58.75,2.1,3.63,2,0,92,Vibration Issue,0.0,1
2025-02-23 00:10:00,41,77.81,62.18,32.15,2.21,1.52,2,0,18,Overheating,0.0,1
2025-02-21 17:47:00,23,73.49,49.56,45.14,4.36,0.55,2,0,29,Normal,0.0,1
2025-01-24 20:38:00,37,92.74,48.29,57.26,4.59,1.78,1,1,6,Normal,1.0,1
2025-02-11 19:49:00,10,73.52,57.96,65.52,1.53,1.58,1,0,135,Normal,0.0,0
2025-01-17 13:04:00,17,71.14,26.25,58.58,2.33,4.23,2,0,249,Vibration Issue,0.0,1
2025-01-25 22:41:00,47,93.88,72.09,53.27,1.96,3.29,1,1,7,Normal,1.0,1
2025-03-02 16:32:00,43,74.25,51.7,55.17,3.9,2.9,1,0,76,Normal,0.0,0
2025-02-01 15:00:00,36,78.56,77.98,60.58,2.04,2.68,1,0,78,Normal,0.0,0
2025-01-08 18:58:00,38,53.44,65.13,33.27,4.51,2.46,1,0,195,Normal,0.0,0
2025-02-05 10:18:00,18,86.55,12.28,76.5,4.65,4.64,2,0,180,Pressure Drop,0.0,1
2025-02-06 20:39:00,17,74.67,61.86,46.66,1.84,4.39,1,0,11,Normal,0.0,1
2025-01-30 23:47:00,10,59.02,64.77,53.3,3.97,3.05,1,0,35,Normal,0.0,0
2025-01-18 09:34:00,14,77.18,59.79,72.52,1.83,2.66,1,0,432,Normal,0.0,0
2025-02-08 00:55:00,50,84.99,25.67,34.33,2.59,1.85,2,0,451,Pressure Drop,0.0,1
2025-02-15 19:40:00,28,64.59,54.2,59.48,2.81,1.29,1,0,424,Normal,0.0,0
2025-01-01 14:03:00,11,73.67,67.97,65.17,2.49,3.45,1,0,148,Normal,0.0,0
2025-01-20 10:05:00,32,90.33,40.54,64.72,2.27,4.15,1,1,46,Normal,1.0,1
2025-02-07 14:28:00,35,99.55,76.89,40.25,3.6,2.07,1,1,34,Normal,1.0,1
2025-03-09 09:15:00,13,67.64,41.13,41.56,4.32,2.29,1,0,12,Normal,0.0,1
2025-01-03 12:39:00,12,61.23,65.84,79.59,3.75,4.24,1,0,331,Normal,0.0,0
2025-02-15 18:17:00,25,86.39,61.03,52.23,2.71,4.05,1,0,438,Normal,0.0,0
2025-02-10 18:59:00,7,93.08,53.46,47.27,3.79,3.67,1,1,34,Normal,1.0,1
2025-02-02 08:39:00,5,74.86,52.09,77.76,4.72,3.86,1,0,472,Normal,0.0,0
2025-01-01 12:00:00,14,91.18,71.43,49.57,2.78,1.02,1,1,8,Normal,1.0,1
2025-02-04 03:13:00,44,68.17,44.43,44.7,3.15,4.9,0,0,141,Normal,0.0,0
2025-01-28 12:08:00,40,73.28,52.65,46.87,4.05,1.94,2,0,42,Normal,0.0,1
2025-02-26 03:41:00,32,61.29,62.34,69.96,1.42,2.82,2,0,304,Overheating,0.0,1
2025-01-07 11:31:00,33,73.37,57.67,59.79,2.31,4.29,2,0,366,Overheating,0.0,1
2025-01-27 20:32:00,13,73.29,74.45,39.7,3.04,2.18,1,0,10,Normal,0.0,1
2025-03-03 13:29:00,28,83.3,44.12,59.2,4.25,3.77,1,0,355,Normal,0.0,0
2025-01-22 04:18:00,44,91.53,50.36,63.65,4.35,3.57,1,1,7,Normal,1.0,1
2025-01-09 03:22:00,50,69.85,80.66,33.68,2.76,3.69,1,1,14,Normal,1.0,1
2025-02-22 07:04:00,45,68.03,57.72,50.45,4.1,3.98,1,0,380,Normal,0.0,0
2025-03-06 20:30:00,33,72.91,45.9,78.79,2.29,3.37,1,0,487,Normal,0.0,0
2025-01-04 08:56:00,43,53.33,82.94,63.1,2.38,4.62,2,1,4,Vibration Issue,1.0,1
2025-02-14 11:54:00,43,79.0,44.09,31.02,3.45,0.63,2,0,55,Overheating,0.0,1
2025-02-03 03:49:00,2,87.14,54.71,54.53,3.28,4.42,1,0,123,Normal,0.0,0
2025-01-28 13:55:00,20,79.74,67.72,73.42,3.68,1.92,1,0,221,Normal,0.0,0
2025-01-06 10:06:00,4,68.26,51.9,64.67,3.33,3.0,1,0,111,Normal,0.0,0
2025-02-24 11:35:00,6,79.53,30.38,48.68,1.41,1.26,2,0,245,Electrical Fault,0.0,1
2025-01-04 07:08:00,22,87.03,41.27,54.8,4.59,3.8,2,0,164,Vibration Issue,0.0,1
2025-01-31 09:19:00,40,69.91,59.02,63.36,3.59,2.57,1,0,38,Normal,0.0,0
2025-02-10 07:08:00,32,102.19,67.67,71.1,4.58,3.9,1,1,27,Normal,1.0,1
2025-01-11 21:35:00,47,94.24,47.05,51.72,1.52,2.34,1,1,38,Normal,1.0,1
2025-02-07 04:20:00,22,73.25,32.39,33.21,1.05,2.5,1,0,309,Normal,0.0,0
2025-02-18 06:42:00,15,80.11,75.87,53.69,4.93,0.98,1,0,366,Normal,0.0,0
2025-01-13 02:58:00,28,76.55,84.36,40.46,1.27,4.66,1,1,15,Normal,1.0,1
2025-03-03 17:01:00,45,82.78,50.08,79.99,3.02,1.18,2,0,155,Normal,0.0,1
2025-02-16 04:19:00,11,83.3,42.39,53.66,2.77,3.97,1,0,26,Normal,0.0,0
2025-02-07 10:53:00,24,93.1,43.07,79.71,2.75,3.81,0,1,9,Normal,1.0,1
2025-02-08 03:45:00,17,65.39,48.21,79.21,1.56,3.91,1,0,148,Normal,0.0,0
2025-01-03 02:06:00,37,90.59,51.43,77.98,3.41,4.19,1,1,46,Normal,1.0,1
2025-03-03 11:37:00,13,84.25,51.07,79.99,3.44,4.04,2,0,383,Overheating,0.0,1
2025-02-18 22:54:00,22,78.41,45.76,59.94,4.02,2.35,2,0,145,Electrical Fault,0.0,1
2025-01-04 17:34:00,22,65.23,50.3,78.93,3.76,1.54,1,0,52,Normal,0.0,0
2025-01-23 10:11:00,37,71.32,62.82,34.4,3.31,2.41,1,0,86,Normal,0.0,0
2025-03-02 19:19:00,19,79.19,53.81,31.76,3.73,2.78,2,0,298,Vibration Issue,0.0,1
2025-01-13 07:21:00,8,71.94,41.28,38.19,2.09,4.11,1,0,67,Normal,0.0,0
2025-01-06 03:26:00,35,71.29,64.71,48.54,2.25,2.64,1,0,363,Normal,0.0,0
2025-01-27 14:52:00,14,63.6,65.22,60.98,2.23,1.5,1,0,58,Normal,0.0,0
2025-02-26 02:39:00,8,79.39,63.18,63.82,2.28,1.0,1,0,166,Normal,0.0,0
2025-02-02 11:39:00,4,74.54,24.01,75.75,3.03,3.86,1,0,402,Normal,0.0,0
2025-03-05 00:10:00,7,79.97,51.46,67.85,2.59,4.92,1,0,298,Normal,0.0,0
2025-02-27 13:11:00,38,95.86,72.49,45.7,4.76,3.27,1,1,36,Normal,1.0,1
2025-03-01 15:17:00,39,65.37,40.69,58.43,3.28,4.9,1,0,217,Normal,0.0,0
2025-02-19 15:19:00,30,76.87,15.6,78.39,3.37,2.74,2,0,350,Normal,0.0,1
2025-02-14 07:42:00,44,63.57,61.9,50.0,4.34,0.91,0,0,177,Normal,0.0,0
2025-02-25 09:40:00,43,93.21,57.84,40.76,4.69,1.04,1,1,11,Normal,1.0,1
2025-02-10 04:26:00,24,71.56,52.96,31.45,1.51,4.14,1,0,10,Normal,0.0,1
2025-02-22 11:58:00,46,92.28,74.22,70.37,1.27,2.29,1,1,34,Normal,1.0,1
2025-03-07 09:27:00,43,71.08,86.04,32.49,1.52,0.59,2,1,42,Pressure Drop,1.0,1
2025-02-06 14:23:00,36,74.99,68.07,67.5,3.8,1.0,2,0,201,Vibration Issue,0.0,1
2025-01-30 19:33:00,46,70.21,30.17,58.47,3.6,2.26,1,0,15,Normal,0.0,1
2025-01-12 21:43:00,15,92.29,66.19,42.39,2.26,2.9,2,1,34,Electrical Fault,1.0,1
2025-01-15 09:45:00,36,74.0,37.99,76.53,2.59,0.93,1,0,106,Normal,0.0,0
2025-01-06 20:14:00,7,72.68,73.08,60.85,3.71,3.66,1,0,325,Normal,0.0,0
2025-01-03 02:44:00,20,79.55,39.78,48.05,1.98,2.65,1,0,206,Normal,0.0,0
2025-01-28 04:58:00,13,63.69,53.56,78.55,3.6,0.52,2,0,54,Electrical Fault,0.0,1
2025-01-24 03:10:00,16,69.24,61.51,57.54,3.45,2.37,1,0,265,Normal,0.0,0
2025-02-11 21:08:00,23,83.64,43.79,64.91,4.95,3.67,2,0,305,Vibration Issue,0.0,1
2025-03-10 06:06:00,40,75.09,45.43,30.59,4.48,3.65,2,0,352,Normal,0.0,1
2025-03-04 12:58:00,27,98.36,59.91,68.85,1.85,3.91,1,1,25,Normal,1.0,1
2025-01-08 16:06:00,28,54.34,30.11,57.33,4.58,4.5,1,0,151,Normal,0.0,0
2025-02-16 21:14:00,37,86.7,41.63,76.17,2.64,1.09,1,0,169,Normal,0.0,0
2025-02-19 03:18:00,24,69.35,63.17,69.1,3.37,0.94,1,0,310,Normal,0.0,0
2025-02-07 20:23:00,34,60.64,48.69,30.65,3.13,4.04,0,0,181,Normal,0.0,0
2025-01-29 19:57:00,20,74.36,24.96,45.06,4.47,3.09,1,0,251,Normal,0.0,0
2025-01-15 14:01:00,46,79.59,39.64,52.72,3.19,2.02,1,0,289,Normal,0.0,0
2025-01-29 21:53:00,41,75.57,97.1,37.26,1.54,4.19,1,1,44,Normal,1.0,1
2025-01-28 10:17:00,10,91.62,79.74,54.89,4.97,3.91,2,1,31,Overheating,1.0,1
2025-02-18 10:46:00,26,97.07,43.81,79.23,1.53,2.45,1,1,22,Normal,1.0,1
2025-03-10 04:21:00,41,75.91,63.44,73.53,1.88,3.7,1,0,18,Normal,0.0,1
2025-01-15 09:15:00,22,69.34,49.09,44.63,3.56,1.35,1,0,82,Normal,0.0,0
2025-01-12 00:26:00,48,82.07,33.95,65.44,3.64,2.95,1,0,179,Normal,0.0,0
2025-01-26 12:26:00,35,76.13,58.52,59.86,3.43,1.41,2,0,255,Overheating,0.0,1
2025-01-11 14:01:00,41,68.55,42.96,63.57,2.19,1.76,1,0,461,Normal,0.0,0
2025-02-12 07:33:00,18,79.51,59.06,39.85,3.91,1.95,1,0,412,Normal,0.0,0
2025-02-22 10:24:00,45,95.54,31.02,40.36,1.54,0.9,1,1,48,Normal,1.0,1
2025-01-22 09:30:00,20,70.52,69.73,35.95,2.84,1.01,1,0,356,Normal,0.0,0
2025-01-27 11:41:00,7,77.51,33.95,30.92,3.46,4.42,2,0,14,Electrical Fault,0.0,1
2025-03-01 08:37:00,38,84.32,50.67,45.72,4.84,2.53,0,0,61,Normal,0.0,0
2025-01-28 02:30:00,34,79.73,71.05,45.67,2.94,4.26,0,0,14,Normal,0.0,1
2025-02-22 16:59:00,29,81.61,71.05,40.06,1.37,2.89,1,0,400,Normal,0.0,0
2025-02-26 07:29:00,19,75.87,45.6,40.71,4.23,2.14,2,0,426,Vibration Issue,0.0,1
2025-01-15 19:42:00,49,87.86,39.9,33.82,4.81,2.42,1,0,183,Normal,0.0,0
2025-03-04 23:16:00,23,71.22,35.41,39.01,4.08,1.32,1,0,166,Normal,0.0,0
2025-01-18 15:46:00,12,90.88,71.66,69.08,1.39,4.22,1,1,5,Normal,1.0,1
2025-02-09 11:04:00,48,79.52,54.09,47.02,2.29,4.68,1,0,472,Normal,0.0,0
2025-02-11 23:32:00,24,51.1,60.6,73.12,3.87,2.97,1,0,260,Normal,0.0,0
2025-01-16 16:48:00,18,90.71,61.81,39.88,3.95,1.15,1,1,7,Normal,1.0,1
2025-01-08 07:04:00,23,68.36,73.61,39.49,4.7,3.55,1,0,236,Normal,0.0,0
2025-01-16 05:26:00,50,84.99,33.9,78.13,2.69,1.36,1,0,86,Normal,0.0,0
2025-02-07 07:09:00,43,100.17,42.04,36.71,3.07,1.65,1,1,12,Normal,1.0,1
2025-02-15 07:13:00,47,76.28,27.18,56.04,1.06,2.73,1,0,433,Normal,0.0,0
2025-01-25 10:05:00,12,74.43,32.63,59.5,1.51,1.52,1,0,265,Normal,0.0,0
2025-02-27 00:34:00,15,73.59,69.91,62.64,1.8,2.9,1,0,329,Normal,0.0,0
2025-01-26 23:53:00,26,69.84,64.97,42.12,2.97,3.6,1,0,385,Normal,0.0,0
2025-02-20 09:31:00,20,58.3,37.07,32.19,1.13,2.6,2,0,480,Vibration Issue,0.0,1
2025-02-12 20:20:00,2,86.64,51.71,78.6,2.9,1.77,1,0,239,Normal,0.0,0
2025-02-22 07:24:00,27,82.76,67.99,41.73,3.14,2.47,1,0,156,Normal,0.0,0
2025-02-15 16:51:00,15,83.73,47.07,62.28,1.77,0.61,2,0,197,Pressure Drop,0.0,1
2025-02-02 11:29:00,41,86.13,44.55,40.65,2.95,3.1,2,0,116,Normal,0.0,1
2025-02-18 01:32:00,38,94.4,43.14,76.72,2.18,2.29,1,1,3,Normal,1.0,1
2025-02-08 23:43:00,20,81.28,67.38,79.32,2.57,0.68,1,0,196,Normal,0.0,0
2025-02-24 23:43:00,31,96.17,63.57,52.2,1.97,2.51,0,1,6,Normal,1.0,1
2025-01-23 00:48:00,13,78.35,48.42,69.19,3.11,3.86,2,0,191,Vibration Issue,0.0,1
2025-02-26 02:57:00,11,71.79,26.85,42.85,4.03,4.16,2,0,255,Vibration Issue,0.0,1
2025-01-08 18:11:00,24,95.19,60.11,76.36,1.54,4.19,1,1,44,Normal,1.0,1
2025-02-10 19:45:00,45,60.67,69.87,74.77,1.56,1.32,1,0,453,Normal,0.0,0
2025-01-30 17:11:00,25,68.76,68.65,52.35,2.88,2.22,1,0,263,Normal,0.0,0
2025-02-21 11:04:00,28,87.52,54.16,48.77,4.36,1.77,1,0,77,Normal,0.0,0
2025-01-26 15:15:00,4,93.99,49.2,69.97,1.93,2.0,1,1,46,Normal,1.0,1
2025-01-28 12:19:00,45,91.53,74.64,64.77,3.22,2.45,0,1,21,Normal,1.0,1
2025-01-03 12:09:00,28,60.41,47.74,70.9,3.97,4.89,1,0,56,Normal,0.0,0
2025-01-07 18:44:00,40,94.95,56.07,64.02,4.52,3.96,1,1,48,Normal,1.0,1
2025-02-10 06:43:00,28,76.84,60.54,46.09,1.39,1.59,2,0,87,Pressure Drop,0.0,1
2025-03-10 06:26:00,47,66.65,42.97,64.23,3.48,2.78,2,0,363,Normal,0.0,1
2025-01-29 14:20:00,3,57.11,85.54,73.88,4.25,2.03,1,1,23,Normal,1.0,1
2025-02-26 04:24:00,50,70.36,80.32,42.36,2.36,1.27,1,1,35,Normal,1.0,1
2025-01-30 10:33:00,49,74.43,55.96,72.28,3.59,4.42,1,0,226,Normal,0.0,0
2025-03-06 03:29:00,4,72.46,69.22,36.88,1.86,1.13,1,0,16,Normal,0.0,1
2025-02-09 14:49:00,6,48.15,69.42,33.9,3.67,2.6,1,0,188,Normal,0.0,0
2025-01-16 09:14:00,26,73.85,38.63,58.5,2.59,3.94,0,0,106,Normal,0.0,0
2025-01-29 05:42:00,25,83.44,19.77,44.86,2.1,3.69,2,0,123,Electrical Fault,0.0,1
2025-03-10 14:18:00,47,88.82,33.04,70.83,4.18,4.56,1,0,130,Normal,0.0,0
2025-01-07 21:03:00,12,83.02,47.01,54.91,4.32,1.31,1,0,378,Normal,0.0,0
2025-01-06 15:46:00,12,93.57,45.1,32.74,4.87,3.21,1,1,30,Normal,1.0,1
2025-02-10 19:42:00,33,88.35,33.78,74.93,3.29,4.92,1,0,72,Normal,0.0,0
2025-01-29 17:21:00,17,77.23,47.44,46.37,1.9,4.48,1,0,338,Normal,0.0,0
2025-01-16 08:09:00,17,79.13,45.48,52.72,3.72,3.25,1,0,150,Normal,0.0,0
2025-01-14 03:22:00,10,91.65,41.29,54.17,1.36,4.07,2,1,12,Vibration Issue,1.0,1
2025-01-17 08:23:00,21,83.16,95.79,44.99,3.34,4.43,1,1,26,Normal,1.0,1
2025-01-18 20:01:00,5,79.27,68.42,61.85,3.24,4.11,1,0,458,Normal,0.0,0
2025-03-08 21:49:00,39,62.29,60.06,72.4,2.57,1.12,1,0,432,Normal,0.0,0
2025-03-10 20:20:00,40,78.7,56.81,53.24,3.77,2.21,2,0,163,Overheating,0.0,1
2025-02-14 02:07:00,45,88.31,42.13,40.35,1.41,3.67,1,0,310,Normal,0.0,0
2025-01-23 16:55:00,3,65.24,27.27,57.0,1.35,3.65,2,0,442,Overheating,0.0,1
2025-02-09 02:42:00,39,78.91,56.61,47.81,4.36,0.57,2,0,390,Normal,0.0,1
2025-02-28 02:35:00,49,71.96,61.9,69.59,1.58,3.46,2,0,363,Vibration Issue,0.0,1
2025-02-04 23:59:00,40,50.0,51.11,44.03,1.63,2.07,2,0,231,Overheating,0.0,1
2025-01-22 03:15:00,45,71.93,50.33,77.7,1.79,4.3,1,0,302,Normal,0.0,0
2025-03-08 23:42:00,32,88.52,57.84,53.13,1.82,4.12,1,0,24,Normal,0.0,0
2025-02-09 04:16:00,46,82.13,85.25,51.63,1.8,1.56,1,1,36,Normal,1.0,1
2025-01-08 10:44:00,14,81.48,46.65,46.34,1.53,3.64,0,0,162,Normal,0.0,0
2025-03-01 17:11:00,34,84.37,39.91,30.14,3.34,3.04,0,0,24,Normal,0.0,0
2025-03-01 09:39:00,43,76.71,27.32,43.01,4.87,1.14,1,0,348,Normal,0.0,0
2025-01-12 21:22:00,8,65.14,45.84,73.95,2.28,3.82,2,0,396,Overheating,0.0,1
2025-02-05 21:35:00,15,67.56,53.35,52.75,3.88,2.16,0,0,257,Normal,0.0,0
2025-01-21 04:41:00,41,73.39,49.15,50.57,2.58,4.09,2,0,394,Overheating,0.0,1
2025-01-05 16:30:00,28,93.22,47.02,77.0,4.33,2.52,1,1,31,Normal,1.0,1
2025-02-16 10:01:00,16,83.85,50.18,49.79,1.81,1.6,1,0,303,Normal,0.0,0
2025-02-14 18:52:00,2,91.05,54.33,56.05,2.3,1.35,2,1,18,Pressure Drop,1.0,1
2025-02-21 10:46:00,29,73.82,35.68,76.66,2.16,4.98,2,0,447,Normal,0.0,1
2025-03-09 19:50:00,17,83.86,48.38,67.57,2.34,3.71,1,0,326,Normal,0.0,0
2025-03-05 22:03:00,50,91.76,60.76,61.58,2.64,2.09,1,1,47,Normal,1.0,1
2025-01-17 04:23:00,30,70.46,27.05,62.99,3.75,3.16,1,0,96,Normal,0.0,0
2025-01-14 17:35:00,34,54.14,48.87,34.72,1.65,1.02,1,0,279,Normal,0.0,0
2025-01-13 14:53:00,46,75.48,79.3,68.1,3.39,4.62,2,0,401,Vibration Issue,0.0,1
2025-03-08 18:02:00,45,64.69,50.09,71.36,4.52,4.44,1,0,476,Normal,0.0,0
2025-01-05 00:16:00,24,83.23,51.3,66.73,3.76,3.79,2,0,132,Overheating,0.0,1
2025-01-08 08:35:00,5,80.96,37.64,52.28,4.84,0.57,2,0,393,Normal,0.0,1
2025-03-07 13:40:00,43,71.41,32.17,63.01,4.82,2.03,1,0,186,Normal,0.0,0
2025-02-21 22:32:00,10,89.14,53.6,30.24,3.2,1.64,0,0,427,Normal,0.0,0
2025-01-01 18:54:00,14,81.42,91.45,65.61,3.76,0.89,1,1,47,Normal,1.0,1
2025-02-26 11:37:00,28,79.65,48.34,45.83,3.14,1.2,1,0,225,Normal,0.0,0
2025-01-16 06:07:00,24,70.96,72.7,40.17,3.71,4.67,1,0,165,Normal,0.0,0
2025-01-22 01:38:00,20,92.17,44.56,46.65,2.16,4.92,1,1,16,Normal,1.0,1
2025-01-02 08:59:00,41,80.48,70.77,36.45,1.62,4.8,1,0,299,Normal,0.0,0
2025-01-30 14:43:00,2,69.91,46.65,36.67,4.07,2.93,2,0,184,Vibration Issue,0.0,1
2025-03-09 04:37:00,36,78.4,22.05,42.8,3.09,4.56,1,0,50,Normal,0.0,0
2025-02-19 17:23:00,48,81.65,37.57,44.55,2.77,4.51,2,0,445,Vibration Issue,0.0,1
2025-02-13 09:56:00,1,83.02,80.31,64.01,3.13,4.99,1,1,19,Normal,1.0,1
2025-03-03 14:49:00,46,93.55,49.94,58.89,3.44,1.77,0,1,44,Normal,1.0,1
2025-01-19 09:49:00,7,86.7,57.27,49.92,2.52,2.16,1,0,255,Normal,0.0,0
2025-01-19 06:12:00,14,85.51,35.93,44.44,1.18,4.93,0,0,491,Normal,0.0,0
2025-01-02 16:23:00,50,52.24,34.94,39.71,3.65,2.56,1,0,400,Normal,0.0,0
2025-01-16 11:26:00,48,95.21,25.65,30.28,1.06,1.36,1,1,43,Normal,1.0,1
2025-01-08 07:59:00,34,86.87,54.65,52.25,1.36,1.58,2,0,495,Normal,0.0,1
2025-02-26 14:51:00,17,67.86,56.24,55.68,3.25,1.18,2,0,441,Electrical Fault,0.0,1
2025-01-18 16:48:00,22,93.23,55.28,39.3,4.95,4.56,1,1,12,Normal,1.0,1
2025-01-21 09:42:00,14,86.23,68.26,56.49,4.34,4.01,2,0,217,Vibration Issue,0.0,1
2025-02-03 22:36:00,6,78.22,41.97,37.02,4.89,0.53,1,0,224,Normal,0.0,0
2025-01-23 02:39:00,16,86.58,34.05,72.35,3.33,1.1,1,0,469,Normal,0.0,0
2025-03-04 07:09:00,41,95.91,54.22,66.16,4.01,4.81,0,1,39,Normal,1.0,1
2025-01-12 20:38:00,36,71.31,42.95,76.65,1.29,4.56,2,0,99,Vibration Issue,0.0,1
2025-01-30 18:38:00,23,79.67,43.9,31.91,3.08,4.67,1,0,152,Normal,0.0,0
2025-02-25 21:28:00,39,65.27,59.78,60.9,1.09,3.85,2,0,405,Pressure Drop,0.0,1
2025-01-09 13:14:00,33,92.3,37.54,40.31,3.39,2.36,1,1,19,Normal,1.0,1
2025-01-03 14:59:00,13,83.63,71.32,49.1,4.2,3.72,2,0,411,Electrical Fault,0.0,1
2025-01-20 02:54:00,2,80.43,61.46,33.8,1.13,4.87,2,0,201,Normal,0.0,1
2025-02-17 14:46:00,42,89.97,39.83,33.09,1.92,2.42,1,0,460,Normal,0.0,0
2025-01-11 18:22:00,10,70.24,32.24,78.21,3.73,2.25,2,0,396,Overheating,0.0,1
2025-02-01 07:58:00,7,91.92,41.09,36.79,3.96,2.63,1,1,37,Normal,1.0,1
2025-03-07 23:37:00,15,73.81,46.38,53.15,1.07,3.7,2,0,18,Pressure Drop,0.0,1
2025-01-16 20:43:00,44,67.36,52.89,62.25,2.92,2.97,1,0,39,Normal,0.0,0
2025-01-25 18:07:00,29,71.71,65.71,61.83,3.5,3.19,1,0,231,Normal,0.0,0
2025-01-02 04:31:00,25,77.75,40.15,72.51,4.63,2.59,1,0,316,Normal,0.0,0
2025-01-17 17:52:00,17,71.23,40.79,43.2,1.87,4.16,1,0,472,Normal,0.0,0
2025-02-09 19:17:00,17,70.09,51.01,37.68,4.48,1.58,2,0,455,Electrical Fault,0.0,1
2025-01-05 18:47:00,46,76.81,48.2,41.24,4.36,4.09,2,0,489,Electrical Fault,0.0,1
2025-03-09 00:55:00,34,84.7,57.59,70.66,2.78,3.23,1,0,355,Normal,0.0,0
2025-01-18 02:24:00,10,78.86,48.95,40.25,1.73,1.57,1,0,231,Normal,0.0,0
2025-02-17 10:10:00,48,56.53,35.85,54.86,4.01,1.11,2,0,212,Vibration Issue,0.0,1
2025-01-12 23:35:00,15,74.5,58.04,31.85,4.99,1.65,2,0,390,Electrical Fault,0.0,1
2025-01-07 12:31:00,29,74.29,85.24,43.74,1.83,3.5,1,1,22,Normal,1.0,1
2025-02-09 18:18:00,38,84.83,41.1,44.94,4.79,1.56,1,0,160,Normal,0.0,0
2025-02-02 18:30:00,38,62.03,47.7,78.64,3.56,3.18,1,0,424,Normal,0.0,0
2025-03-02 23:12:00,34,56.93,27.48,44.67,4.22,1.11,1,0,158,Normal,0.0,0
2025-01-01 00:23:00,21,76.73,34.86,32.64,3.31,1.65,2,0,433,Vibration Issue,0.0,1
2025-01-06 17:24:00,19,81.16,49.49,35.59,1.28,0.99,1,0,17,Normal,0.0,1
2025-02-06 18:58:00,29,73.97,55.13,39.59,2.79,2.58,2,0,380,Vibration Issue,0.0,1
2025-01-16 16:21:00,41,93.95,46.78,77.52,1.1,3.68,1,1,44,Normal,1.0,1
2025-01-20 19:19:00,2,84.52,29.44,65.5,3.55,0.73,2,0,352,Vibration Issue,0.0,1
2025-02-18 03:49:00,29,87.88,43.71,44.56,1.37,3.45,1,0,186,Normal,0.0,0
2025-02-18 16:07:00,41,74.54,32.7,63.68,2.01,4.94,1,0,488,Normal,0.0,0
2025-01-01 03:55:00,24,84.6,45.71,77.43,4.94,1.4,1,0,171,Normal,0.0,0
2025-02-21 01:22:00,9,75.93,39.1,65.19,4.9,3.75,1,0,418,Normal,0.0,0
2025-02-05 15:54:00,25,61.25,68.91,77.27,4.31,1.27,1,0,39,Normal,0.0,0
2025-01-08 18:41:00,18,77.47,71.49,75.43,1.14,1.68,2,0,210,Vibration Issue,0.0,1
2025-01-28 09:49:00,32,68.73,44.98,46.51,4.71,3.75,1,0,258,Normal,0.0,0
2025-03-07 23:55:00,42,63.93,31.86,60.05,4.64,4.96,1,0,67,Normal,0.0,0
2025-02-18 17:26:00,13,80.57,49.82,76.73,3.26,3.68,1,0,221,Normal,0.0,0
2025-01-20 13:35:00,40,89.39,55.4,44.2,1.06,1.16,1,0,349,Normal,0.0,0
2025-01-03 23:32:00,46,82.05,50.83,60.12,4.59,3.4,1,0,221,Normal,0.0,0
2025-03-04 17:22:00,13,67.15,51.03,54.55,4.36,3.14,1,0,345,Normal,0.0,0
2025-02-09 14:11:00,50,73.63,55.06,52.16,1.24,4.92,1,0,250,Normal,0.0,0
2025-01-16 14:48:00,12,48.22,66.1,67.78,4.29,4.23,2,0,249,Vibration Issue,0.0,1
2025-02-24 15:53:00,16,59.11,39.33,71.26,2.46,2.39,1,0,16,Normal,0.0,1
2025-02-06 16:17:00,8,97.7,71.71,66.28,1.22,1.49,1,1,13,Normal,1.0,1
2025-01-20 19:44:00,33,73.06,51.44,77.39,1.54,2.49,2,0,294,Pressure Drop,0.0,1
2025-02-28 09:56:00,39,70.62,50.29,53.89,4.25,2.52,1,0,456,Normal,0.0,0
2025-02-05 18:23:00,34,91.63,48.0,62.17,1.71,3.7,2,1,30,Vibration Issue,1.0,1
2025-03-10 23:11:00,4,82.8,53.09,64.71,2.37,3.42,1,0,470,Normal,0.0,0
2025-01-30 02:27:00,4,93.91,50.5,58.92,3.03,4.67,0,1,24,Normal,1.0,1
2025-03-02 02:41:00,13,55.99,81.41,73.15,3.39,4.68,2,1,9,Overheating,1.0,1
2025-02-27 08:51:00,48,95.88,49.72,44.49,3.33,1.11,0,1,12,Normal,1.0,1
2025-02-06 07:47:00,40,68.37,18.23,45.91,1.76,0.55,1,0,315,Normal,0.0,0
2025-01-19 15:01:00,14,75.44,7.27,31.43,2.43,2.82,0,0,475,Normal,0.0,0
2025-03-05 23:30:00,28,75.89,58.41,30.24,3.68,1.68,1,0,424,Normal,0.0,0
2025-02-26 18:36:00,41,105.41,36.76,67.45,1.96,0.69,1,1,6,Normal,1.0,1
2025-02-02 06:52:00,49,84.91,58.55,51.18,1.9,4.74,0,0,28,Normal,0.0,0
2025-01-19 01:41:00,11,70.61,80.72,54.2,3.02,2.7,1,1,13,Normal,1.0,1
2025-02-21 16:51:00,41,78.7,53.52,46.11,1.86,3.73,1,0,73,Normal,0.0,0
2025-02-22 09:17:00,46,72.82,34.12,33.74,4.99,3.01,1,0,430,Normal,0.0,0
2025-02-12 10:11:00,44,76.03,54.29,43.46,4.05,0.72,1,0,359,Normal,0.0,0
2025-01-31 17:03:00,21,93.35,39.2,45.04,2.02,0.6,1,1,36,Normal,1.0,1
2025-02-28 07:31:00,12,83.77,53.92,62.14,1.22,2.06,2,0,150,Pressure Drop,0.0,1
2025-01-15 09:11:00,21,82.47,95.15,54.33,1.94,2.33,1,1,8,Normal,1.0,1
2025-03-02 13:59:00,44,78.88,57.47,54.54,1.76,1.87,1,0,223,Normal,0.0,0
2025-02-18 07:56:00,22,82.84,57.13,66.4,3.13,3.93,1,0,207,Normal,0.0,0
2025-01-14 14:08:00,41,87.35,36.97,35.41,1.9,0.75,2,0,188,Vibration Issue,0.0,1
2025-01-31 10:16:00,18,108.07,68.31,70.92,3.31,4.25,1,1,29,Normal,1.0,1
2025-01-18 23:52:00,24,94.94,59.5,70.43,3.74,4.54,0,1,23,Normal,1.0,1
2025-01-20 23:52:00,11,60.38,54.12,37.19,4.38,1.37,1,0,271,Normal,0.0,0
2025-01-03 00:43:00,33,79.87,31.35,64.73,4.39,3.75,2,0,465,Vibration Issue,0.0,1
2025-01-05 13:13:00,47,93.33,56.0,37.73,3.44,4.09,0,1,31,Normal,1.0,1
2025-01-02 17:04:00,3,84.25,43.8,68.22,3.38,1.01,1,0,370,Normal,0.0,0
2025-01-03 09:50:00,49,92.61,54.06,61.04,1.71,1.88,1,1,19,Normal,1.0,1
2025-03-08 10:18:00,25,104.27,34.29,35.41,4.26,2.53,1,1,28,Normal,1.0,1
2025-02-01 07:50:00,43,84.35,39.01,45.75,3.98,3.37,2,0,204,Pressure Drop,0.0,1
2025-01-23 07:46:00,29,77.95,39.85,56.51,1.02,1.56,1,0,334,Normal,0.0,0
2025-02-06 21:17:00,25,59.97,73.62,64.8,3.19,3.4,2,0,14,Normal,0.0,1
2025-03-03 15:25:00,45,62.72,48.95,73.51,1.82,1.32,2,0,444,Normal,0.0,1
2025-02-18 14:25:00,40,69.56,33.54,33.51,1.8,4.4,2,0,419,Pressure Drop,0.0,1
2025-01-27 13:33:00,29,92.59,41.89,66.24,1.64,3.12,0,1,12,Normal,1.0,1
2025-01-27 14:59:00,15,90.5,61.26,39.54,4.99,3.98,0,1,27,Normal,1.0,1
2025-01-28 07:44:00,1,72.97,56.49,76.62,1.44,0.79,1,0,122,Normal,0.0,0
2025-01-12 18:54:00,49,77.48,56.06,55.59,2.6,2.41,0,0,245,Normal,0.0,0
2025-01-27 16:13:00,29,69.92,83.37,53.7,1.27,1.65,2,1,18,Vibration Issue,1.0,1
2025-01-07 19:26:00,28,88.48,89.41,57.34,4.58,4.31,0,1,7,Normal,1.0,1
2025-02-12 13:52:00,25,66.22,19.55,42.57,1.38,4.39,1,0,315,Normal,0.0,0
2025-01-04 10:24:00,35,90.79,67.97,65.8,2.44,3.83,2,1,2,Overheating,1.0,1
2025-03-07 21:51:00,13,92.89,44.93,69.73,2.29,3.39,2,1,19,Pressure Drop,1.0,1
2025-02-19 23:49:00,39,62.16,59.35,30.41,1.66,4.54,2,0,248,Vibration Issue,0.0,1
2025-01-14 18:13:00,26,97.57,47.97,31.69,3.05,0.57,1,1,1,Normal,1.0,1
2025-03-09 17:50:00,9,92.67,33.65,78.1,4.42,1.79,1,1,48,Normal,1.0,1
2025-03-01 00:46:00,18,85.82,37.73,60.77,1.99,2.24,2,0,419,Overheating,0.0,1
2025-01-29 16:51:00,40,92.59,47.76,56.17,2.73,4.85,1,1,12,Normal,1.0,1
2025-02-19 10:57:00,13,69.28,55.02,66.67,4.91,3.41,1,0,460,Normal,0.0,0
2025-01-14 18:39:00,19,90.79,55.58,67.06,2.89,3.19,1,1,39,Normal,1.0,1
2025-01-03 05:58:00,35,100.65,36.63,64.14,4.13,1.13,1,1,34,Normal,1.0,1
2025-01-11 14:12:00,2,76.02,28.59,73.98,4.71,1.86,1,0,229,Normal,0.0,0
2025-01-15 10:12:00,5,81.08,31.66,37.14,1.08,1.66,1,0,165,Normal,0.0,0
2025-02-26 17:40:00,1,76.52,66.09,37.04,1.82,1.91,1,0,385,Normal,0.0,0
2025-02-28 09:36:00,44,68.95,81.3,48.17,4.35,2.26,1,1,28,Normal,1.0,1
2025-01-02 21:56:00,13,72.67,44.82,59.75,4.12,0.91,2,0,323,Electrical Fault,0.0,1
2025-02-19 03:05:00,2,87.22,49.87,55.98,3.28,2.92,1,0,300,Normal,0.0,0
2025-03-03 12:03:00,40,73.6,23.53,32.4,3.58,1.84,1,0,76,Normal,0.0,0
2025-02-23 13:44:00,44,71.44,47.62,46.44,4.35,3.82,1,0,499,Normal,0.0,0
2025-01-26 04:03:00,8,66.2,94.43,76.76,3.39,3.68,1,1,27,Normal,1.0,1
2025-02-19 22:38:00,41,82.74,65.58,76.71,2.42,3.21,1,0,177,Normal,0.0,0
2025-02-21 16:01:00,33,78.3,50.53,60.54,4.01,3.43,2,0,162,Normal,0.0,1
2025-01-05 11:29:00,29,68.49,87.41,38.78,3.25,1.9,1,1,12,Normal,1.0,1
2025-01-03 11:40:00,41,93.18,40.54,31.28,4.79,2.83,1,1,24,Normal,1.0,1
2025-02-19 08:57:00,6,68.83,41.05,36.39,3.35,1.53,1,0,200,Normal,0.0,0
2025-02-07 13:29:00,9,71.39,49.22,53.71,4.38,3.9,0,0,445,Normal,0.0,0
2025-01-12 15:23:00,45,55.88,61.35,47.37,4.71,1.11,1,0,356,Normal,0.0,0
2025-02-19 01:02:00,44,83.21,13.36,43.07,1.51,4.85,1,0,272,Normal,0.0,0
2025-01-26 17:13:00,13,73.98,81.11,44.66,2.02,1.67,1,1,20,Normal,1.0,1
2025-02-24 02:18:00,4,69.64,27.84,43.91,1.89,1.0,1,0,202,Normal,0.0,0
2025-01-16 06:13:00,44,77.51,38.58,69.4,3.12,4.75,2,0,237,Vibration Issue,0.0,1
2025-03-04 17:39:00,48,68.61,52.49,64.95,1.26,2.96,1,0,10,Normal,0.0,1
2025-03-01 10:13:00,34,89.21,51.22,76.26,1.08,2.36,2,0,229,Pressure Drop,0.0,1
2025-01-19 15:39:00,17,81.41,49.81,46.65,1.37,0.58,1,0,55,Normal,0.0,0
2025-01-24 21:45:00,41,65.31,63.01,68.69,2.28,3.25,1,0,20,Normal,0.0,0
2025-02-10 03:04:00,43,85.21,64.8,78.7,3.25,0.76,1,0,131,Normal,0.0,0
2025-03-07 09:54:00,14,70.52,36.68,41.52,3.63,4.15,1,0,63,Normal,0.0,0
2025-01-14 13:42:00,20,79.49,40.71,67.28,1.3,3.22,1,0,380,Normal,0.0,0
2025-03-07 17:34:00,41,92.36,44.41,38.85,3.05,4.89,1,1,31,Normal,1.0,1
2025-01-20 08:09:00,2,83.92,54.19,30.54,1.92,0.54,1,0,417,Normal,0.0,0
2025-02-19 13:02:00,21,57.03,56.35,69.94,2.51,1.05,0,0,50,Normal,0.0,0
2025-01-26 09:18:00,50,70.21,38.21,45.96,1.15,3.76,1,0,14,Normal,0.0,1
2025-01-31 11:22:00,8,86.42,63.53,75.29,2.16,3.34,2,0,477,Overheating,0.0,1
2025-01-10 10:07:00,30,65.73,51.79,31.19,3.57,2.74,2,0,323,Overheating,0.0,1
2025-01-31 06:28:00,9,68.98,38.03,79.54,1.86,4.24,1,0,490,Normal,0.0,0
2025-02-25 23:40:00,44,97.54,44.66,37.63,2.77,2.16,1,1,32,Normal,1.0,1
2025-01-17 06:43:00,10,67.83,59.27,56.07,3.08,2.57,2,0,180,Pressure Drop,0.0,1
2025-02-02 19:58:00,17,78.95,29.44,61.17,2.73,0.74,2,0,260,Pressure Drop,0.0,1
2025-02-20 10:26:00,28,89.32,43.98,63.82,2.82,3.41,1,0,16,Normal,0.0,1
2025-02-19 02:20:00,23,80.86,58.97,72.5,3.91,0.9,1,0,494,Normal,0.0,0
2025-01-28 05:41:00,45,93.04,58.68,42.21,1.86,1.75,1,1,37,Normal,1.0,1
2025-01-09 18:29:00,36,77.99,57.3,60.05,3.26,4.48,1,0,314,Normal,0.0,0
2025-02-17 17:44:00,15,73.06,52.0,35.79,3.03,0.99,1,0,130,Normal,0.0,0
2025-02-20 18:21:00,35,64.12,68.17,34.76,4.75,4.6,0,0,422,Normal,0.0,0
2025-01-28 00:37:00,22,90.87,49.02,43.53,1.55,0.88,1,1,42,Normal,1.0,1
2025-01-27 22:58:00,2,66.93,41.66,72.24,1.31,0.71,1,0,416,Normal,0.0,0
2025-01-12 04:35:00,26,105.36,63.28,30.88,2.39,1.06,1,1,3,Normal,1.0,1
2025-02-28 20:45:00,41,57.66,86.15,52.07,3.16,0.93,1,1,19,Normal,1.0,1
2025-01-21 23:36:00,16,60.33,81.29,37.35,1.72,2.52,1,1,39,Normal,1.0,1
2025-02-21 11:53:00,13,91.81,62.73,62.83,3.52,1.46,2,1,42,Vibration Issue,1.0,1
2025-02-18 07:25:00,3,70.73,82.23,46.45,2.87,0.63,1,1,43,Normal,1.0,1
2025-02-23 23:27:00,17,62.82,55.44,70.52,1.93,4.01,1,0,128,Normal,0.0,0
2025-02-06 09:08:00,6,95.86,30.33,38.71,4.66,4.8,0,1,3,Normal,1.0,1
2025-02-03 03:06:00,36,92.47,59.73,62.98,1.86,1.68,1,1,45,Normal,1.0,1
2025-02-23 09:36:00,31,73.6,43.52,52.18,3.22,1.19,2,0,104,Vibration Issue,0.0,1
2025-01-28 13:08:00,33,69.72,49.01,69.82,1.29,4.23,1,0,214,Normal,0.0,0
2025-02-15 00:19:00,45,75.69,17.76,75.63,3.83,3.44,2,0,476,Overheating,0.0,1
2025-02-08 16:36:00,30,79.79,36.88,46.77,2.44,0.78,2,0,300,Vibration Issue,0.0,1
2025-02-24 03:48:00,50,72.14,54.26,79.7,1.44,2.33,2,0,333,Vibration Issue,0.0,1
2025-01-12 03:08:00,6,65.24,58.68,61.82,1.64,3.92,1,0,447,Normal,0.0,0
2025-01-06 04:23:00,45,68.48,40.29,31.98,1.61,3.42,1,0,249,Normal,0.0,0
2025-01-16 08:08:00,34,65.91,50.68,79.24,4.26,4.46,1,0,17,Normal,0.0,1
2025-01-05 19:57:00,42,75.42,61.68,44.23,1.2,3.32,1,0,18,Normal,0.0,1
2025-01-02 19:39:00,35,61.59,59.77,51.44,2.58,1.4,1,0,42,Normal,0.0,0
2025-03-02 17:36:00,23,74.79,47.07,49.59,3.05,2.43,0,0,297,Normal,0.0,0
2025-01-07 05:20:00,16,65.04,35.27,38.35,4.28,1.45,2,0,188,Normal,0.0,1
2025-03-07 22:50:00,9,71.3,49.72,79.47,2.59,1.42,2,0,85,Overheating,0.0,1
2025-02-13 00:17:00,12,69.98,49.24,39.33,1.25,2.85,2,0,49,Pressure Drop,0.0,1
2025-03-11 07:55:00,48,77.58,58.96,34.6,4.26,2.65,1,0,11,Normal,0.0,1
2025-01-24 04:51:00,7,88.67,98.86,58.7,3.25,4.49,1,1,21,Normal,1.0,1
2025-02-20 02:38:00,18,75.63,30.38,67.02,1.14,3.34,1,0,304,Normal,0.0,0
2025-02-25 12:31:00,23,86.72,36.88,38.65,4.53,1.87,1,0,164,Normal,0.0,0
2025-01-15 16:38:00,29,75.5,73.1,40.89,2.53,3.63,1,0,241,Normal,0.0,0
2025-02-02 10:44:00,11,76.33,45.51,38.0,1.17,1.43,1,0,117,Normal,0.0,0
2025-01-29 21:49:00,13,71.24,41.24,53.33,3.57,0.64,1,0,96,Normal,0.0,0
2025-01-08 04:18:00,50,60.61,31.96,79.38,1.25,4.41,1,0,15,Normal,0.0,1
2025-02-24 10:16:00,25,75.47,22.97,33.29,3.79,1.12,2,0,65,Overheating,0.0,1
2025-01-23 03:07:00,46,81.49,56.32,38.42,3.01,3.46,1,0,442,Normal,0.0,0
2025-02-15 06:50:00,24,78.85,50.51,69.27,1.48,4.3,2,0,114,Overheating,0.0,1
2025-01-25 21:46:00,47,82.14,27.23,67.09,3.34,4.38,2,0,400,Overheating,0.0,1
2025-02-20 14:46:00,27,82.53,69.99,58.0,1.27,3.77,1,0,11,Normal,0.0,1
2025-01-26 04:42:00,35,90.62,66.68,57.85,2.51,3.75,1,1,8,Normal,1.0,1
2025-01-12 17:02:00,4,76.3,52.95,30.14,4.75,2.44,1,0,372,Normal,0.0,0
2025-02-23 04:31:00,50,70.04,65.01,52.09,3.12,4.07,2,0,239,Vibration Issue,0.0,1
2025-01-12 09:48:00,46,82.83,81.75,44.52,4.0,2.79,2,1,10,Overheating,1.0,1
2025-01-28 00:24:00,5,78.64,36.26,78.96,4.88,4.95,2,0,359,Electrical Fault,0.0,1
2025-01-03 07:40:00,3,63.5,26.36,60.42,4.22,1.29,1,0,132,Normal,0.0,0
2025-02-15 11:46:00,4,70.1,61.14,58.69,2.79,3.72,1,0,261,Normal,0.0,0
2025-02-12 02:35:00,24,75.67,82.79,70.85,3.85,4.84,1,1,47,Normal,1.0,1
2025-03-08 04:34:00,40,67.58,28.68,76.6,1.17,3.78,0,0,203,Normal,0.0,0
2025-01-12 07:12:00,8,81.94,37.74,66.5,2.26,2.66,1,0,142,Normal,0.0,0
2025-01-12 05:38:00,21,70.67,52.73,37.56,4.93,2.01,1,0,484,Normal,0.0,0
2025-01-09 03:36:00,32,88.38,81.08,75.63,2.86,2.06,1,1,42,Normal,1.0,1
2025-02-17 04:12:00,23,58.96,43.3,45.43,4.17,2.63,0,0,315,Normal,0.0,0
2025-02-04 07:44:00,18,87.86,44.65,32.45,4.55,3.7,1,0,10,Normal,0.0,1
2025-03-01 10:00:00,31,84.86,62.8,53.14,2.37,0.6,1,0,111,Normal,0.0,0
2025-01-23 15:50:00,31,61.6,40.74,36.87,2.67,0.62,2,0,51,Pressure Drop,0.0,1
2025-01-14 01:37:00,35,67.55,61.79,59.61,1.62,3.88,0,0,162,Normal,0.0,0
2025-01-14 14:58:00,42,78.17,48.71,53.9,1.39,2.03,2,0,62,Overheating,0.0,1
2025-03-06 19:12:00,20,88.53,26.67,45.09,1.64,0.51,1,0,364,Normal,0.0,0
2025-02-15 09:03:00,10,70.89,41.56,38.13,2.49,0.58,1,0,314,Normal,0.0,0
2025-02-24 04:13:00,37,83.99,80.01,39.56,4.17,2.34,1,1,45,Normal,1.0,1
2025-01-27 14:51:00,25,102.23,48.83,78.34,4.58,4.57,1,1,22,Normal,1.0,1
2025-01-17 21:05:00,28,80.37,32.01,30.25,2.81,4.07,2,0,356,Normal,0.0,1
2025-03-06 00:00:00,11,73.23,48.03,49.67,1.73,3.11,1,0,483,Normal,0.0,0
2025-02-14 02:56:00,16,73.65,36.47,53.39,4.76,1.6,2,0,374,Overheating,0.0,1
2025-02-18 18:45:00,9,72.8,50.38,37.87,3.54,2.48,2,0,45,Overheating,0.0,1
2025-02-21 13:00:00,22,62.45,52.74,79.2,3.63,4.96,1,0,435,Normal,0.0,0
2025-01-13 12:18:00,31,75.53,94.62,46.14,2.44,1.47,1,1,31,Normal,1.0,1
2025-02-11 13:37:00,43,71.62,81.08,75.65,3.47,2.27,1,1,38,Normal,1.0,1
2025-02-19 11:28:00,13,68.42,59.97,74.79,1.42,3.4,2,0,154,Normal,0.0,1
2025-02-06 13:22:00,30,68.49,53.48,33.38,1.6,2.66,2,0,339,Normal,0.0,1
2025-03-08 17:32:00,4,57.66,86.99,65.9,3.88,2.5,1,1,33,Normal,1.0,1
2025-02-13 02:36:00,46,66.31,50.45,52.99,4.53,1.45,2,0,136,Vibration Issue,0.0,1
2025-01-26 18:36:00,43,67.37,66.77,67.97,3.43,1.72,2,0,246,Pressure Drop,0.0,1
2025-01-18 16:16:00,49,91.3,44.37,37.64,2.62,4.4,1,1,5,Normal,1.0,1
2025-01-06 23:45:00,38,92.88,64.22,63.09,4.4,1.55,0,1,13,Normal,1.0,1
2025-02-24 17:40:00,42,72.91,40.08,34.43,3.81,0.55,0,0,373,Normal,0.0,0
2025-01-26 14:43:00,9,88.1,56.36,75.03,1.9,2.28,2,0,468,Overheating,0.0,1
2025-02-20 01:37:00,19,65.35,22.34,75.05,2.6,2.39,1,0,302,Normal,0.0,0
2025-01-22 11:40:00,24,82.03,29.76,62.08,3.75,0.68,1,0,283,Normal,0.0,0
2025-01-14 11:46:00,46,84.21,48.8,30.5,4.31,3.05,1,0,203,Normal,0.0,0
2025-02-02 22:59:00,49,87.08,56.17,39.37,2.7,0.84,2,0,368,Pressure Drop,0.0,1
2025-01-19 21:17:00,27,61.18,31.14,65.91,4.76,2.65,2,0,201,Normal,0.0,1
2025-01-03 19:24:00,22,79.7,48.38,37.08,3.26,4.97,1,0,449,Normal,0.0,0
2025-02-15 12:43:00,32,62.4,62.8,37.09,3.13,2.72,1,0,497,Normal,0.0,0
2025-01-26 05:34:00,16,86.89,68.12,76.52,3.61,1.84,2,0,281,Normal,0.0,1
2025-02-11 23:27:00,6,55.43,65.99,65.8,3.7,1.84,1,0,403,Normal,0.0,0
2025-02-06 20:47:00,16,65.05,56.11,50.19,2.16,2.79,1,0,17,Normal,0.0,1
2025-01-17 05:39:00,35,95.08,66.85,55.29,1.36,3.81,1,1,13,Normal,1.0,1
2025-02-09 17:00:00,2,85.83,46.03,77.79,2.14,3.49,2,0,249,Pressure Drop,0.0,1
2025-01-14 16:23:00,49,94.19,51.01,49.72,3.14,1.69,1,1,1,Normal,1.0,1
2025-01-09 12:53:00,43,75.4,51.11,64.34,4.15,1.26,1,0,82,Normal,0.0,0
2025-02-12 17:11:00,45,78.92,67.8,63.15,4.17,1.06,1,0,261,Normal,0.0,0
2025-02-25 06:12:00,4,94.47,59.22,51.14,1.01,1.23,2,1,3,Vibration Issue,1.0,1
2025-02-09 22:41:00,21,77.81,57.16,78.32,4.75,4.81,2,0,412,Vibration Issue,0.0,1
2025-03-04 17:18:00,3,71.05,41.32,54.49,2.95,3.84,1,0,181,Normal,0.0,0
2025-01-10 16:38:00,8,68.37,82.15,57.2,4.56,4.02,1,1,15,Normal,1.0,1
2025-03-04 17:37:00,27,93.36,25.68,57.26,4.5,4.46,1,1,24,Normal,1.0,1
2025-03-09 07:13:00,9,85.97,40.06,59.36,3.75,3.83,1,0,12,Normal,0.0,1
2025-01-10 10:05:00,44,97.7,19.9,58.4,1.71,3.68,2,1,46,Normal,1.0,1
2025-02-20 14:10:00,45,70.45,56.05,33.77,1.13,3.55,2,0,87,Normal,0.0,1
2025-02-14 16:27:00,16,91.73,6.96,36.42,1.86,4.87,2,1,24,Electrical Fault,0.99,1
2025-01-05 10:34:00,18,91.34,47.33,46.03,4.18,0.93,1,1,25,Normal,1.0,1
2025-02-09 20:43:00,34,100.98,53.73,77.09,2.2,2.05,1,1,27,Normal,1.0,1
2025-01-10 10:15:00,13,80.98,62.32,58.18,2.95,1.78,1,0,62,Normal,0.0,0
2025-03-03 14:40:00,10,70.96,30.65,49.14,1.42,2.46,2,0,463,Normal,0.0,1
2025-02-14 22:22:00,18,74.72,46.54,70.89,1.6,0.55,1,0,175,Normal,0.0,0
2025-01-14 02:28:00,25,73.66,74.72,76.2,3.41,3.19,1,0,313,Normal,0.0,0
2025-01-31 08:13:00,12,60.0,49.4,42.67,4.32,1.05,2,0,311,Normal,0.0,1
2025-03-03 05:32:00,34,91.21,34.69,71.64,1.45,3.52,0,1,9,Normal,1.0,1
2025-02-03 16:44:00,6,61.23,54.02,53.35,4.26,2.83,2,0,321,Normal,0.0,1
2025-01-30 06:05:00,34,93.04,25.97,51.62,1.78,0.57,1,1,31,Normal,1.0,1
2025-02-08 12:47:00,22,66.81,31.18,35.44,2.44,0.56,1,0,55,Normal,0.0,0
2025-01-08 08:21:00,11,82.09,44.27,49.72,3.94,3.71,1,0,107,Normal,0.0,0
2025-02-02 02:15:00,7,96.84,35.36,38.29,1.3,1.7,1,1,6,Normal,1.0,1
2025-02-13 01:27:00,27,77.15,57.09,70.69,2.99,4.41,0,0,221,Normal,0.0,0
2025-01-13 14:01:00,36,73.75,87.05,36.29,1.41,1.29,1,1,24,Normal,1.0,1
2025-02-19 09:22:00,49,61.43,51.97,37.69,1.36,2.06,1,0,442,Normal,0.0,0
2025-01-17 16:43:00,1,77.45,76.84,38.42,3.3,0.85,1,0,282,Normal,0.0,0
2025-01-27 16:47:00,32,66.27,49.75,41.3,1.96,3.52,1,0,315,Normal,0.0,0
2025-01-23 22:03:00,18,63.71,78.97,68.27,3.43,3.03,1,0,304,Normal,0.0,0
2025-02-13 02:42:00,49,61.13,51.89,55.24,4.39,4.3,1,0,346,Normal,0.0,0
2025-03-01 21:30:00,39,90.15,33.28,52.66,4.93,2.32,1,1,22,Normal,1.0,1
2025-02-15 22:57:00,35,93.69,65.15,57.92,1.86,2.66,2,1,16,Vibration Issue,1.0,1
2025-02-18 11:39:00,39,91.5,64.66,35.14,1.47,2.44,1,1,28,Normal,1.0,1
2025-01-28 18:43:00,10,69.72,62.65,71.7,2.76,4.37,1,0,315,Normal,0.0,0
2025-01-05 14:18:00,18,71.5,54.58,55.99,3.47,3.5,1,0,96,Normal,0.0,0
2025-03-06 09:58:00,17,52.67,55.64,62.89,2.78,2.07,0,0,393,Normal,0.0,0
2025-01-11 18:48:00,2,84.35,41.36,71.56,1.64,1.46,2,0,347,Vibration Issue,0.0,1
2025-02-28 11:23:00,35,88.38,36.14,49.0,3.69,4.99,1,0,425,Normal,0.0,0
2025-03-10 13:31:00,22,67.29,28.77,54.73,4.67,1.32,1,0,217,Normal,0.0,0
2025-02-04 17:48:00,9,71.76,37.48,60.33,2.03,2.61,1,0,108,Normal,0.0,0
2025-01-18 16:02:00,39,90.34,42.41,40.33,1.07,2.33,2,1,38,Vibration Issue,1.0,1
2025-01-25 10:48:00,18,68.21,31.37,49.04,1.47,4.86,1,0,160,Normal,0.0,0
2025-01-04 12:47:00,1,70.03,70.94,75.0,4.59,2.29,2,0,185,Electrical Fault,0.0,1
2025-02-08 13:49:00,7,92.16,61.19,65.02,3.32,0.72,1,1,39,Normal,1.0,1
2025-02-14 22:52:00,40,69.27,52.81,77.74,2.15,1.38,1,0,15,Normal,0.0,1
2025-02-17 05:38:00,30,69.25,42.86,47.69,4.66,0.51,1,0,471,Normal,0.0,0
2025-02-12 00:51:00,15,91.97,47.65,59.45,3.7,2.77,1,1,31,Normal,1.0,1
2025-01-17 18:03:00,4,70.71,63.39,34.3,2.34,0.58,1,0,327,Normal,0.0,0
2025-01-27 19:47:00,28,90.36,69.63,53.4,3.16,4.0,1,1,8,Normal,1.0,1
2025-02-23 02:21:00,23,55.4,43.21,69.99,3.3,1.74,1,0,383,Normal,0.0,0
2025-01-15 21:13:00,43,97.8,27.54,33.16,1.47,1.41,1,1,41,Normal,1.0,1
2025-02-07 14:26:00,8,68.17,24.63,73.1,4.39,1.37,1,0,347,Normal,0.0,0
2025-02-03 02:38:00,15,90.59,62.12,72.29,2.59,2.71,1,1,2,Normal,1.0,1
2025-02-18 15:21:00,46,74.33,64.21,34.52,1.12,2.72,1,0,385,Normal,0.0,0
2025-01-01 16:49:00,30,75.96,52.4,42.89,3.1,4.71,1,0,220,Normal,0.0,0
2025-01-16 14:59:00,41,90.41,53.19,48.21,2.56,0.73,1,1,2,Normal,1.0,1
2025-03-06 05:04:00,32,78.0,30.35,47.66,3.8,3.83,1,0,329,Normal,0.0,0
2025-01-26 04:37:00,15,77.17,49.95,75.93,2.8,2.69,2,0,96,Vibration Issue,0.0,1
2025-01-30 19:15:00,40,72.7,55.72,47.45,3.05,2.01,1,0,334,Normal,0.0,0
2025-01-01 19:53:00,40,94.81,45.07,37.18,4.35,3.49,1,1,26,Normal,1.0,1
2025-03-10 07:39:00,33,78.54,38.65,43.48,1.37,4.54,2,0,450,Vibration Issue,0.0,1
2025-03-02 18:12:00,6,90.12,24.32,35.05,4.61,3.69,1,1,3,Normal,1.0,1
2025-01-11 12:34:00,5,69.81,29.25,45.23,3.84,3.25,1,0,218,Normal,0.0,0
2025-02-23 04:00:00,21,76.7,48.43,43.52,2.93,4.62,1,0,234,Normal,0.0,0
2025-02-14 21:32:00,30,53.78,65.39,66.35,4.87,4.95,2,0,140,Vibration Issue,0.0,1
2025-03-04 12:15:00,21,72.94,59.71,64.59,1.46,1.92,1,0,279,Normal,0.0,0
2025-02-28 01:44:00,44,63.51,83.9,53.42,1.81,4.8,0,1,16,Normal,1.0,1
2025-01-19 23:16:00,5,72.89,54.77,59.1,1.27,2.26,1,0,295,Normal,0.0,0
2025-02-02 13:57:00,37,83.82,52.13,40.02,2.77,4.35,2,0,390,Vibration Issue,0.0,1
2025-01-01 15:37:00,14,70.82,48.4,78.77,4.19,2.01,1,0,211,Normal,0.0,0
2025-01-11 12:04:00,46,90.35,77.8,50.34,3.67,2.72,1,1,36,Normal,1.0,1
2025-02-12 22:55:00,31,73.46,45.73,43.77,1.95,1.51,1,0,341,Normal,0.0,0
2025-01-12 06:04:00,49,60.72,56.24,71.3,1.77,1.48,1,0,381,Normal,0.0,0
2025-02-17 14:41:00,4,71.98,54.11,40.39,3.5,2.65,1,0,345,Normal,0.0,0
2025-02-11 22:48:00,4,98.79,59.73,69.75,3.66,4.52,1,1,31,Normal,1.0,1
2025-01-01 08:02:00,12,67.18,43.0,44.85,2.02,3.32,1,0,71,Normal,0.0,0
2025-01-06 03:04:00,29,49.98,46.06,67.49,2.77,4.82,1,0,83,Normal,0.0,0
2025-02-18 00:22:00,10,70.59,57.08,55.9,4.04,2.3,2,0,122,Electrical Fault,0.0,1
2025-02-28 11:51:00,4,81.61,30.55,43.11,4.8,2.13,1,0,82,Normal,0.0,0
2025-01-22 04:33:00,16,69.11,48.55,75.75,1.45,1.29,2,0,249,Normal,0.0,1
2025-02-08 20:25:00,12,74.61,49.77,71.85,2.16,2.79,2,0,170,Pressure Drop,0.0,1
2025-02-12 20:49:00,8,79.01,60.77,41.73,1.76,2.02,1,0,118,Normal,0.0,0
2025-02-17 08:11:00,33,78.65,61.73,49.62,1.27,3.08,2,0,314,Overheating,0.0,1
2025-01-02 19:07:00,35,91.52,40.16,63.11,2.2,0.83,1,1,40,Normal,1.0,1
2025-01-31 03:45:00,21,80.07,81.51,76.2,1.35,2.85,1,1,5,Normal,1.0,1
2025-03-05 01:24:00,43,63.92,57.85,45.89,1.52,4.91,1,0,283,Normal,0.0,0
2025-01-11 04:51:00,48,94.61,57.54,40.59,2.05,1.07,1,1,49,Normal,1.0,1
2025-01-04 05:48:00,14,67.19,80.61,51.71,3.45,3.26,1,1,40,Normal,1.0,1
2025-03-05 20:56:00,25,78.83,43.46,74.96,3.4,1.22,1,0,143,Normal,0.0,0
2025-02-24 03:25:00,35,93.0,41.71,67.12,2.28,2.17,1,1,5,Normal,1.0,1
2025-02-28 08:38:00,6,81.48,50.83,49.25,4.7,0.56,1,0,203,Normal,0.0,0
2025-03-07 01:36:00,21,72.39,50.32,44.34,4.31,4.77,0,0,10,Normal,0.0,1
2025-01-13 14:57:00,36,62.28,68.39,54.03,3.55,2.34,1,0,18,Normal,0.0,1
2025-01-16 08:10:00,18,70.39,47.54,30.2,1.5,2.78,1,0,480,Normal,0.0,0
2025-02-05 17:12:00,48,78.43,62.65,67.19,4.67,3.94,0,0,216,Normal,0.0,0
2025-01-17 15:13:00,32,62.97,27.39,77.67,3.59,4.76,1,0,77,Normal,0.0,0
2025-02-25 08:44:00,35,75.04,35.81,71.12,2.88,4.89,1,0,477,Normal,0.0,0
2025-01-01 08:42:00,16,77.26,44.39,68.27,1.52,3.02,2,0,141,Pressure Drop,0.0,1
2025-03-08 10:34:00,32,83.72,48.85,70.33,2.94,2.9,1,0,480,Normal,0.0,0
2025-02-22 04:17:00,49,98.32,76.36,77.11,3.66,4.09,1,1,14,Normal,1.0,1
2025-02-01 12:52:00,32,69.6,24.97,49.47,2.98,4.43,1,0,413,Normal,0.0,0
2025-03-05 16:19:00,45,92.1,63.84,67.41,4.93,0.58,1,1,37,Normal,1.0,1
2025-02-13 22:57:00,23,81.34,47.5,41.73,4.61,3.77,1,0,33,Normal,0.0,0
2025-01-08 18:56:00,39,85.19,50.34,37.59,3.49,2.44,2,0,64,Vibration Issue,0.0,1
2025-03-03 05:33:00,32,95.09,60.01,63.24,1.22,2.95,1,1,38,Normal,1.0,1
2025-02-17 19:50:00,16,66.24,43.29,63.06,1.81,2.37,1,0,482,Normal,0.0,0
2025-01-05 15:02:00,17,73.19,20.69,70.36,1.46,4.49,1,0,125,Normal,0.0,0
2025-01-16 14:13:00,43,85.89,37.64,46.97,2.42,2.76,1,0,280,Normal,0.0,0
2025-01-07 03:13:00,18,77.16,56.59,39.74,3.44,3.87,1,0,104,Normal,0.0,0
2025-02-27 22:58:00,12,64.47,82.45,78.28,2.76,4.83,1,1,39,Normal,1.0,1
2025-01-16 17:13:00,28,93.08,55.28,55.47,3.72,2.1,1,1,48,Normal,1.0,1
2025-02-11 21:58:00,7,92.13,53.8,46.01,1.84,2.52,1,1,14,Normal,1.0,1
2025-03-05 04:13:00,27,91.25,64.48,38.34,2.4,2.29,1,1,9,Normal,1.0,1
2025-03-01 18:11:00,11,91.86,38.09,64.35,2.8,2.19,1,1,34,Normal,1.0,1
